Date,Source,Site ID,POC,Daily Max 8-hour Ozone Concentration,UNITS,DAILY_AQI_VALUE,Site Name,DAILY_OBS_COUNT,PERCENT_COMPLETE,AQS_PARAMETER_CODE,AQS_PARAMETER_DESC,CBSA_CODE,CBSA_NAME,STATE_CODE,STATE,COUNTY_CODE,COUNTY,SITE_LATITUDE,SITE_LONGITUDE
1/1/2022,AQS,490494001,2,0.035,ppm,32,Lindon,17,100,44201,Ozone,39340,"Provo-Orem, UT",49,Utah,49,Utah,40.341389,-111.713611
1/2/2022,AQS,490494001,2,0.033,ppm,31,Lindon,17,100,44201,Ozone,39340,"Provo-Orem, UT",49,Utah,49,Utah,40.341389,-111.713611
1/3/2022,AQS,490494001,2,0.037,ppm,34,Lindon,17,100,44201,Ozone,39340,"Provo-Orem, UT",49,Utah,49,Utah,40.341389,-111.713611
1/4/2022,AQS,490494001,2,0.029,ppm,27,Lindon,17,100,44201,Ozone,39340,"Provo-Orem, UT",49,Utah,49,Utah,40.341389,-111.713611
1/5/2022,AQS,490494001,2,0.036,ppm,33,Lindon,17,100,44201,Ozone,39340,"Provo-Orem, UT",49,Utah,49,Utah,40.341389,-111.713611
1/6/2022,AQS,490494001,2,0.033,ppm,31,Lindon,17,100,44201,Ozone,39340,"Provo-Orem, UT",49,Utah,49,Utah,40.341389,-111.713611
1/7/2022,AQS,490494001,2,0.037,ppm,34,Lindon,17,100,44201,Ozone,39340,"Provo-Orem, UT",49,Utah,49,Utah,40.341389,-111.713611
1/8/2022,AQS,490494001,2,0.04,ppm,37,Lindon,17,100,44201,Ozone,39340,"Provo-Orem, UT",49,Utah,49,Utah,40.341389,-111.713611
1/9/2022,AQS,490494001,2,0.032,ppm,30,Lindon,17,100,44201,Ozone,39340,"Provo-Orem, UT",49,Utah,49,Utah,40.341389,-111.713611
1/10/2022,AQS,490494001,2,0.022,ppm,20,Lindon,17,100,44201,Ozone,39340,"Provo-Orem, UT",49,Utah,49,Utah,40.341389,-111.713611
1/11/2022,AQS,490494001,2,0.02,ppm,19,Lindon,17,100,44201,Ozone,39340,"Provo-Orem, UT",49,Utah,49,Utah,40.341389,-111.713611
1/12/2022,AQS,490494001,2,0.019,ppm,18,Lindon,17,100,44201,Ozone,39340,"Provo-Orem, UT",49,Utah,49,Utah,40.341389,-111.713611
1/13/2022,AQS,490494001,2,0.009,ppm,8,Lindon,17,100,44201,Ozone,39340,"Provo-Orem, UT",49,Utah,49,Utah,40.341389,-111.713611
1/14/2022,AQS,490494001,2,0.025,ppm,23,Lindon,17,100,44201,Ozone,39340,"Provo-Orem, UT",49,Utah,49,Utah,40.341389,-111.713611
1/15/2022,AQS,490494001,2,0.03,ppm,28,Lindon,17,100,44201,Ozone,39340,"Provo-Orem, UT",49,Utah,49,Utah,40.341389,-111.713611
1/16/2022,AQS,490494001,2,0.029,ppm,27,Lindon,17,100,44201,Ozone,39340,"Provo-Orem, UT",49,Utah,49,Utah,40.341389,-111.713611
1/17/2022,AQS,490494001,2,0.022,ppm,20,Lindon,17,100,44201,Ozone,39340,"Provo-Orem, UT",49,Utah,49,Utah,40.341389,-111.713611
1/18/2022,AQS,490494001,2,0.01,ppm,9,Lindon,17,100,44201,Ozone,39340,"Provo-Orem, UT",49,Utah,49,Utah,40.341389,-111.713611
1/19/2022,AQS,490494001,2,0.018,ppm,17,Lindon,17,100,44201,Ozone,39340,"Provo-Orem, UT",49,Utah,49,Utah,40.341389,-111.713611
1/20/2022,AQS,490494001,2,0.026,ppm,24,Lindon,17,100,44201,Ozone,39340,"Provo-Orem, UT",49,Utah,49,Utah,40.341389,-111.713611
1/21/2022,AQS,490494001,2,0.028,ppm,26,Lindon,17,100,44201,Ozone,39340,"Provo-Orem, UT",49,Utah,49,Utah,40.341389,-111.713611
1/22/2022,AQS,490494001,2,0.028,ppm,26,Lindon,17,100,44201,Ozone,39340,"Provo-Orem, UT",49,Utah,49,Utah,40.341389,-111.713611
1/23/2022,AQS,490494001,2,0.029,ppm,27,Lindon,17,100,44201,Ozone,39340,"Provo-Orem, UT",49,Utah,49,Utah,40.341389,-111.713611
1/24/2022,AQS,490494001,2,0.026,ppm,24,Lindon,17,100,44201,Ozone,39340,"Provo-Orem, UT",49,Utah,49,Utah,40.341389,-111.713611
1/25/2022,AQS,490494001,2,0.025,ppm,23,Lindon,17,100,44201,Ozone,39340,"Provo-Orem, UT",49,Utah,49,Utah,40.341389,-111.713611
1/26/2022,AQS,490494001,2,0.033,ppm,31,Lindon,17,100,44201,Ozone,39340,"Provo-Orem, UT",49,Utah,49,Utah,40.341389,-111.713611
1/27/2022,AQS,490494001,2,0.029,ppm,27,Lindon,17,100,44201,Ozone,39340,"Provo-Orem, UT",49,Utah,49,Utah,40.341389,-111.713611
1/28/2022,AQS,490494001,2,0.03,ppm,28,Lindon,17,100,44201,Ozone,39340,"Provo-Orem, UT",49,Utah,49,Utah,40.341389,-111.713611
1/29/2022,AQS,490494001,2,0.03,ppm,28,Lindon,17,100,44201,Ozone,39340,"Provo-Orem, UT",49,Utah,49,Utah,40.341389,-111.713611
1/30/2022,AQS,490494001,2,0.028,ppm,26,Lindon,17,100,44201,Ozone,39340,"Provo-Orem, UT",49,Utah,49,Utah,40.341389,-111.713611
1/31/2022,AQS,490494001,2,0.037,ppm,34,Lindon,17,100,44201,Ozone,39340,"Provo-Orem, UT",49,Utah,49,Utah,40.341389,-111.713611
2/1/2022,AQS,490494001,2,0.038,ppm,35,Lindon,17,100,44201,Ozone,39340,"Provo-Orem, UT",49,Utah,49,Utah,40.341389,-111.713611
2/2/2022,AQS,490494001,2,0.036,ppm,33,Lindon,17,100,44201,Ozone,39340,"Provo-Orem, UT",49,Utah,49,Utah,40.341389,-111.713611
2/3/2022,AQS,490494001,2,0.033,ppm,31,Lindon,17,100,44201,Ozone,39340,"Provo-Orem, UT",49,Utah,49,Utah,40.341389,-111.713611
2/4/2022,AQS,490494001,2,0.031,ppm,29,Lindon,17,100,44201,Ozone,39340,"Provo-Orem, UT",49,Utah,49,Utah,40.341389,-111.713611
2/5/2022,AQS,490494001,2,0.037,ppm,34,Lindon,17,100,44201,Ozone,39340,"Provo-Orem, UT",49,Utah,49,Utah,40.341389,-111.713611
2/6/2022,AQS,490494001,2,0.038,ppm,35,Lindon,17,100,44201,Ozone,39340,"Provo-Orem, UT",49,Utah,49,Utah,40.341389,-111.713611
2/7/2022,AQS,490494001,2,0.029,ppm,27,Lindon,17,100,44201,Ozone,39340,"Provo-Orem, UT",49,Utah,49,Utah,40.341389,-111.713611
2/8/2022,AQS,490494001,2,0.029,ppm,27,Lindon,17,100,44201,Ozone,39340,"Provo-Orem, UT",49,Utah,49,Utah,40.341389,-111.713611
2/9/2022,AQS,490494001,2,0.034,ppm,31,Lindon,17,100,44201,Ozone,39340,"Provo-Orem, UT",49,Utah,49,Utah,40.341389,-111.713611
2/10/2022,AQS,490494001,2,0.032,ppm,30,Lindon,17,100,44201,Ozone,39340,"Provo-Orem, UT",49,Utah,49,Utah,40.341389,-111.713611
2/11/2022,AQS,490494001,2,0.034,ppm,31,Lindon,17,100,44201,Ozone,39340,"Provo-Orem, UT",49,Utah,49,Utah,40.341389,-111.713611
2/12/2022,AQS,490494001,2,0.042,ppm,39,Lindon,17,100,44201,Ozone,39340,"Provo-Orem, UT",49,Utah,49,Utah,40.341389,-111.713611
2/13/2022,AQS,490494001,2,0.035,ppm,32,Lindon,17,100,44201,Ozone,39340,"Provo-Orem, UT",49,Utah,49,Utah,40.341389,-111.713611
2/14/2022,AQS,490494001,2,0.04,ppm,37,Lindon,17,100,44201,Ozone,39340,"Provo-Orem, UT",49,Utah,49,Utah,40.341389,-111.713611
2/15/2022,AQS,490494001,2,0.038,ppm,35,Lindon,17,100,44201,Ozone,39340,"Provo-Orem, UT",49,Utah,49,Utah,40.341389,-111.713611
2/16/2022,AQS,490494001,2,0.036,ppm,33,Lindon,17,100,44201,Ozone,39340,"Provo-Orem, UT",49,Utah,49,Utah,40.341389,-111.713611
2/17/2022,AQS,490494001,2,0.033,ppm,31,Lindon,17,100,44201,Ozone,39340,"Provo-Orem, UT",49,Utah,49,Utah,40.341389,-111.713611
2/18/2022,AQS,490494001,2,0.035,ppm,32,Lindon,17,100,44201,Ozone,39340,"Provo-Orem, UT",49,Utah,49,Utah,40.341389,-111.713611
2/19/2022,AQS,490494001,2,0.04,ppm,37,Lindon,17,100,44201,Ozone,39340,"Provo-Orem, UT",49,Utah,49,Utah,40.341389,-111.713611
2/20/2022,AQS,490494001,2,0.04,ppm,37,Lindon,17,100,44201,Ozone,39340,"Provo-Orem, UT",49,Utah,49,Utah,40.341389,-111.713611
2/21/2022,AQS,490494001,2,0.039,ppm,36,Lindon,17,100,44201,Ozone,39340,"Provo-Orem, UT",49,Utah,49,Utah,40.341389,-111.713611
2/22/2022,AQS,490494001,2,0.038,ppm,35,Lindon,17,100,44201,Ozone,39340,"Provo-Orem, UT",49,Utah,49,Utah,40.341389,-111.713611
2/23/2022,AQS,490494001,2,0.034,ppm,31,Lindon,17,100,44201,Ozone,39340,"Provo-Orem, UT",49,Utah,49,Utah,40.341389,-111.713611
2/24/2022,AQS,490494001,2,0.041,ppm,38,Lindon,17,100,44201,Ozone,39340,"Provo-Orem, UT",49,Utah,49,Utah,40.341389,-111.713611
2/25/2022,AQS,490494001,2,0.04,ppm,37,Lindon,17,100,44201,Ozone,39340,"Provo-Orem, UT",49,Utah,49,Utah,40.341389,-111.713611
2/26/2022,AQS,490494001,2,0.04,ppm,37,Lindon,17,100,44201,Ozone,39340,"Provo-Orem, UT",49,Utah,49,Utah,40.341389,-111.713611
2/27/2022,AQS,490494001,2,0.041,ppm,38,Lindon,17,100,44201,Ozone,39340,"Provo-Orem, UT",49,Utah,49,Utah,40.341389,-111.713611
2/28/2022,AQS,490494001,2,0.037,ppm,34,Lindon,17,100,44201,Ozone,39340,"Provo-Orem, UT",49,Utah,49,Utah,40.341389,-111.713611
3/1/2022,AQS,490494001,2,0.034,ppm,31,Lindon,17,100,44201,Ozone,39340,"Provo-Orem, UT",49,Utah,49,Utah,40.341389,-111.713611
3/2/2022,AQS,490494001,2,0.031,ppm,29,Lindon,17,100,44201,Ozone,39340,"Provo-Orem, UT",49,Utah,49,Utah,40.341389,-111.713611
3/3/2022,AQS,490494001,2,0.041,ppm,38,Lindon,17,100,44201,Ozone,39340,"Provo-Orem, UT",49,Utah,49,Utah,40.341389,-111.713611
3/4/2022,AQS,490494001,2,0.048,ppm,44,Lindon,17,100,44201,Ozone,39340,"Provo-Orem, UT",49,Utah,49,Utah,40.341389,-111.713611
3/5/2022,AQS,490494001,2,0.042,ppm,39,Lindon,17,100,44201,Ozone,39340,"Provo-Orem, UT",49,Utah,49,Utah,40.341389,-111.713611
3/6/2022,AQS,490494001,2,0.044,ppm,41,Lindon,17,100,44201,Ozone,39340,"Provo-Orem, UT",49,Utah,49,Utah,40.341389,-111.713611
3/7/2022,AQS,490494001,2,0.043,ppm,40,Lindon,17,100,44201,Ozone,39340,"Provo-Orem, UT",49,Utah,49,Utah,40.341389,-111.713611
3/8/2022,AQS,490494001,2,0.04,ppm,37,Lindon,17,100,44201,Ozone,39340,"Provo-Orem, UT",49,Utah,49,Utah,40.341389,-111.713611
3/9/2022,AQS,490494001,2,0.042,ppm,39,Lindon,17,100,44201,Ozone,39340,"Provo-Orem, UT",49,Utah,49,Utah,40.341389,-111.713611
3/10/2022,AQS,490494001,2,0.042,ppm,39,Lindon,17,100,44201,Ozone,39340,"Provo-Orem, UT",49,Utah,49,Utah,40.341389,-111.713611
3/11/2022,AQS,490494001,2,0.044,ppm,41,Lindon,17,100,44201,Ozone,39340,"Provo-Orem, UT",49,Utah,49,Utah,40.341389,-111.713611
3/12/2022,AQS,490494001,2,0.045,ppm,42,Lindon,17,100,44201,Ozone,39340,"Provo-Orem, UT",49,Utah,49,Utah,40.341389,-111.713611
3/13/2022,AQS,490494001,2,0.043,ppm,40,Lindon,17,100,44201,Ozone,39340,"Provo-Orem, UT",49,Utah,49,Utah,40.341389,-111.713611
3/14/2022,AQS,490494001,2,0.044,ppm,41,Lindon,17,100,44201,Ozone,39340,"Provo-Orem, UT",49,Utah,49,Utah,40.341389,-111.713611
3/15/2022,AQS,490494001,2,0.044,ppm,41,Lindon,17,100,44201,Ozone,39340,"Provo-Orem, UT",49,Utah,49,Utah,40.341389,-111.713611
3/16/2022,AQS,490494001,2,0.042,ppm,39,Lindon,17,100,44201,Ozone,39340,"Provo-Orem, UT",49,Utah,49,Utah,40.341389,-111.713611
3/17/2022,AQS,490494001,2,0.042,ppm,39,Lindon,17,100,44201,Ozone,39340,"Provo-Orem, UT",49,Utah,49,Utah,40.341389,-111.713611
3/18/2022,AQS,490494001,2,0.045,ppm,42,Lindon,17,100,44201,Ozone,39340,"Provo-Orem, UT",49,Utah,49,Utah,40.341389,-111.713611
3/19/2022,AQS,490494001,2,0.047,ppm,44,Lindon,17,100,44201,Ozone,39340,"Provo-Orem, UT",49,Utah,49,Utah,40.341389,-111.713611
3/20/2022,AQS,490494001,2,0.044,ppm,41,Lindon,17,100,44201,Ozone,39340,"Provo-Orem, UT",49,Utah,49,Utah,40.341389,-111.713611
3/21/2022,AQS,490494001,2,0.042,ppm,39,Lindon,17,100,44201,Ozone,39340,"Provo-Orem, UT",49,Utah,49,Utah,40.341389,-111.713611
3/22/2022,AQS,490494001,2,0.044,ppm,41,Lindon,13,76,44201,Ozone,39340,"Provo-Orem, UT",49,Utah,49,Utah,40.341389,-111.713611
3/23/2022,AQS,490494001,2,0.048,ppm,44,Lindon,17,100,44201,Ozone,39340,"Provo-Orem, UT",49,Utah,49,Utah,40.341389,-111.713611
3/24/2022,AQS,490494001,2,0.039,ppm,36,Lindon,17,100,44201,Ozone,39340,"Provo-Orem, UT",49,Utah,49,Utah,40.341389,-111.713611
3/25/2022,AQS,490494001,2,0.041,ppm,38,Lindon,17,100,44201,Ozone,39340,"Provo-Orem, UT",49,Utah,49,Utah,40.341389,-111.713611
3/26/2022,AQS,490494001,2,0.045,ppm,42,Lindon,17,100,44201,Ozone,39340,"Provo-Orem, UT",49,Utah,49,Utah,40.341389,-111.713611
3/27/2022,AQS,490494001,2,0.045,ppm,42,Lindon,17,100,44201,Ozone,39340,"Provo-Orem, UT",49,Utah,49,Utah,40.341389,-111.713611
3/28/2022,AQS,490494001,2,0.04,ppm,37,Lindon,17,100,44201,Ozone,39340,"Provo-Orem, UT",49,Utah,49,Utah,40.341389,-111.713611
3/29/2022,AQS,490494001,2,0.038,ppm,35,Lindon,17,100,44201,Ozone,39340,"Provo-Orem, UT",49,Utah,49,Utah,40.341389,-111.713611
3/30/2022,AQS,490494001,2,0.045,ppm,42,Lindon,17,100,44201,Ozone,39340,"Provo-Orem, UT",49,Utah,49,Utah,40.341389,-111.713611
3/31/2022,AQS,490494001,2,0.036,ppm,33,Lindon,17,100,44201,Ozone,39340,"Provo-Orem, UT",49,Utah,49,Utah,40.341389,-111.713611
4/1/2022,AQS,490494001,2,0.05,ppm,46,Lindon,17,100,44201,Ozone,39340,"Provo-Orem, UT",49,Utah,49,Utah,40.341389,-111.713611
4/2/2022,AQS,490494001,2,0.044,ppm,41,Lindon,17,100,44201,Ozone,39340,"Provo-Orem, UT",49,Utah,49,Utah,40.341389,-111.713611
4/3/2022,AQS,490494001,2,0.053,ppm,49,Lindon,17,100,44201,Ozone,39340,"Provo-Orem, UT",49,Utah,49,Utah,40.341389,-111.713611
4/4/2022,AQS,490494001,2,0.043,ppm,40,Lindon,17,100,44201,Ozone,39340,"Provo-Orem, UT",49,Utah,49,Utah,40.341389,-111.713611
4/5/2022,AQS,490494001,2,0.046,ppm,43,Lindon,17,100,44201,Ozone,39340,"Provo-Orem, UT",49,Utah,49,Utah,40.341389,-111.713611
4/6/2022,AQS,490494001,2,0.048,ppm,44,Lindon,17,100,44201,Ozone,39340,"Provo-Orem, UT",49,Utah,49,Utah,40.341389,-111.713611
4/7/2022,AQS,490494001,2,0.047,ppm,44,Lindon,17,100,44201,Ozone,39340,"Provo-Orem, UT",49,Utah,49,Utah,40.341389,-111.713611
4/8/2022,AQS,490494001,2,0.042,ppm,39,Lindon,17,100,44201,Ozone,39340,"Provo-Orem, UT",49,Utah,49,Utah,40.341389,-111.713611
4/9/2022,AQS,490494001,2,0.049,ppm,45,Lindon,17,100,44201,Ozone,39340,"Provo-Orem, UT",49,Utah,49,Utah,40.341389,-111.713611
4/10/2022,AQS,490494001,2,0.047,ppm,44,Lindon,17,100,44201,Ozone,39340,"Provo-Orem, UT",49,Utah,49,Utah,40.341389,-111.713611
4/11/2022,AQS,490494001,2,0.042,ppm,39,Lindon,17,100,44201,Ozone,39340,"Provo-Orem, UT",49,Utah,49,Utah,40.341389,-111.713611
4/12/2022,AQS,490494001,2,0.04,ppm,37,Lindon,17,100,44201,Ozone,39340,"Provo-Orem, UT",49,Utah,49,Utah,40.341389,-111.713611
4/13/2022,AQS,490494001,2,0.044,ppm,41,Lindon,17,100,44201,Ozone,39340,"Provo-Orem, UT",49,Utah,49,Utah,40.341389,-111.713611
4/14/2022,AQS,490494001,2,0.044,ppm,41,Lindon,17,100,44201,Ozone,39340,"Provo-Orem, UT",49,Utah,49,Utah,40.341389,-111.713611
4/15/2022,AQS,490494001,2,0.044,ppm,41,Lindon,17,100,44201,Ozone,39340,"Provo-Orem, UT",49,Utah,49,Utah,40.341389,-111.713611
4/16/2022,AQS,490494001,2,0.042,ppm,39,Lindon,17,100,44201,Ozone,39340,"Provo-Orem, UT",49,Utah,49,Utah,40.341389,-111.713611
4/17/2022,AQS,490494001,2,0.046,ppm,43,Lindon,17,100,44201,Ozone,39340,"Provo-Orem, UT",49,Utah,49,Utah,40.341389,-111.713611
4/18/2022,AQS,490494001,2,0.052,ppm,48,Lindon,17,100,44201,Ozone,39340,"Provo-Orem, UT",49,Utah,49,Utah,40.341389,-111.713611
4/19/2022,AQS,490494001,2,0.048,ppm,44,Lindon,17,100,44201,Ozone,39340,"Provo-Orem, UT",49,Utah,49,Utah,40.341389,-111.713611
4/20/2022,AQS,490494001,2,0.052,ppm,48,Lindon,17,100,44201,Ozone,39340,"Provo-Orem, UT",49,Utah,49,Utah,40.341389,-111.713611
4/21/2022,AQS,490494001,2,0.052,ppm,48,Lindon,17,100,44201,Ozone,39340,"Provo-Orem, UT",49,Utah,49,Utah,40.341389,-111.713611
4/22/2022,AQS,490494001,2,0.045,ppm,42,Lindon,17,100,44201,Ozone,39340,"Provo-Orem, UT",49,Utah,49,Utah,40.341389,-111.713611
4/23/2022,AQS,490494001,2,0.045,ppm,42,Lindon,17,100,44201,Ozone,39340,"Provo-Orem, UT",49,Utah,49,Utah,40.341389,-111.713611
4/24/2022,AQS,490494001,2,0.047,ppm,44,Lindon,17,100,44201,Ozone,39340,"Provo-Orem, UT",49,Utah,49,Utah,40.341389,-111.713611
4/25/2022,AQS,490494001,2,0.051,ppm,47,Lindon,17,100,44201,Ozone,39340,"Provo-Orem, UT",49,Utah,49,Utah,40.341389,-111.713611
4/26/2022,AQS,490494001,2,0.057,ppm,58,Lindon,17,100,44201,Ozone,39340,"Provo-Orem, UT",49,Utah,49,Utah,40.341389,-111.713611
4/27/2022,AQS,490494001,2,0.056,ppm,54,Lindon,17,100,44201,Ozone,39340,"Provo-Orem, UT",49,Utah,49,Utah,40.341389,-111.713611
4/28/2022,AQS,490494001,2,0.054,ppm,50,Lindon,17,100,44201,Ozone,39340,"Provo-Orem, UT",49,Utah,49,Utah,40.341389,-111.713611
4/29/2022,AQS,490494001,2,0.053,ppm,49,Lindon,17,100,44201,Ozone,39340,"Provo-Orem, UT",49,Utah,49,Utah,40.341389,-111.713611
4/30/2022,AQS,490494001,2,0.051,ppm,47,Lindon,17,100,44201,Ozone,39340,"Provo-Orem, UT",49,Utah,49,Utah,40.341389,-111.713611
5/1/2022,AQS,490494001,2,0.046,ppm,43,Lindon,17,100,44201,Ozone,39340,"Provo-Orem, UT",49,Utah,49,Utah,40.341389,-111.713611
5/2/2022,AQS,490494001,2,0.052,ppm,48,Lindon,17,100,44201,Ozone,39340,"Provo-Orem, UT",49,Utah,49,Utah,40.341389,-111.713611
5/3/2022,AQS,490494001,2,0.047,ppm,44,Lindon,17,100,44201,Ozone,39340,"Provo-Orem, UT",49,Utah,49,Utah,40.341389,-111.713611
5/4/2022,AQS,490494001,2,0.037,ppm,34,Lindon,17,100,44201,Ozone,39340,"Provo-Orem, UT",49,Utah,49,Utah,40.341389,-111.713611
5/5/2022,AQS,490494001,2,0.047,ppm,44,Lindon,17,100,44201,Ozone,39340,"Provo-Orem, UT",49,Utah,49,Utah,40.341389,-111.713611
5/6/2022,AQS,490494001,2,0.045,ppm,42,Lindon,17,100,44201,Ozone,39340,"Provo-Orem, UT",49,Utah,49,Utah,40.341389,-111.713611
5/7/2022,AQS,490494001,2,0.051,ppm,47,Lindon,17,100,44201,Ozone,39340,"Provo-Orem, UT",49,Utah,49,Utah,40.341389,-111.713611
5/8/2022,AQS,490494001,2,0.047,ppm,44,Lindon,17,100,44201,Ozone,39340,"Provo-Orem, UT",49,Utah,49,Utah,40.341389,-111.713611
5/9/2022,AQS,490494001,2,0.046,ppm,43,Lindon,17,100,44201,Ozone,39340,"Provo-Orem, UT",49,Utah,49,Utah,40.341389,-111.713611
5/10/2022,AQS,490494001,2,0.054,ppm,50,Lindon,17,100,44201,Ozone,39340,"Provo-Orem, UT",49,Utah,49,Utah,40.341389,-111.713611
5/11/2022,AQS,490494001,2,0.055,ppm,51,Lindon,17,100,44201,Ozone,39340,"Provo-Orem, UT",49,Utah,49,Utah,40.341389,-111.713611
5/12/2022,AQS,490494001,2,0.046,ppm,43,Lindon,17,100,44201,Ozone,39340,"Provo-Orem, UT",49,Utah,49,Utah,40.341389,-111.713611
5/13/2022,AQS,490494001,2,0.048,ppm,44,Lindon,17,100,44201,Ozone,39340,"Provo-Orem, UT",49,Utah,49,Utah,40.341389,-111.713611
5/14/2022,AQS,490494001,2,0.046,ppm,43,Lindon,17,100,44201,Ozone,39340,"Provo-Orem, UT",49,Utah,49,Utah,40.341389,-111.713611
5/15/2022,AQS,490494001,2,0.045,ppm,42,Lindon,17,100,44201,Ozone,39340,"Provo-Orem, UT",49,Utah,49,Utah,40.341389,-111.713611
5/16/2022,AQS,490494001,2,0.033,ppm,31,Lindon,17,100,44201,Ozone,39340,"Provo-Orem, UT",49,Utah,49,Utah,40.341389,-111.713611
5/17/2022,AQS,490494001,2,0.045,ppm,42,Lindon,17,100,44201,Ozone,39340,"Provo-Orem, UT",49,Utah,49,Utah,40.341389,-111.713611
5/18/2022,AQS,490494001,2,0.05,ppm,46,Lindon,17,100,44201,Ozone,39340,"Provo-Orem, UT",49,Utah,49,Utah,40.341389,-111.713611
5/19/2022,AQS,490494001,2,0.045,ppm,42,Lindon,17,100,44201,Ozone,39340,"Provo-Orem, UT",49,Utah,49,Utah,40.341389,-111.713611
5/20/2022,AQS,490494001,2,0.046,ppm,43,Lindon,17,100,44201,Ozone,39340,"Provo-Orem, UT",49,Utah,49,Utah,40.341389,-111.713611
5/21/2022,AQS,490494001,2,0.049,ppm,45,Lindon,17,100,44201,Ozone,39340,"Provo-Orem, UT",49,Utah,49,Utah,40.341389,-111.713611
5/22/2022,AQS,490494001,2,0.052,ppm,48,Lindon,17,100,44201,Ozone,39340,"Provo-Orem, UT",49,Utah,49,Utah,40.341389,-111.713611
5/23/2022,AQS,490494001,2,0.05,ppm,46,Lindon,17,100,44201,Ozone,39340,"Provo-Orem, UT",49,Utah,49,Utah,40.341389,-111.713611
5/24/2022,AQS,490494001,2,0.051,ppm,47,Lindon,17,100,44201,Ozone,39340,"Provo-Orem, UT",49,Utah,49,Utah,40.341389,-111.713611
5/25/2022,AQS,490494001,2,0.056,ppm,54,Lindon,17,100,44201,Ozone,39340,"Provo-Orem, UT",49,Utah,49,Utah,40.341389,-111.713611
5/26/2022,AQS,490494001,2,0.044,ppm,41,Lindon,17,100,44201,Ozone,39340,"Provo-Orem, UT",49,Utah,49,Utah,40.341389,-111.713611
5/27/2022,AQS,490494001,2,0.049,ppm,45,Lindon,17,100,44201,Ozone,39340,"Provo-Orem, UT",49,Utah,49,Utah,40.341389,-111.713611
5/28/2022,AQS,490494001,2,0.038,ppm,35,Lindon,17,100,44201,Ozone,39340,"Provo-Orem, UT",49,Utah,49,Utah,40.341389,-111.713611
5/29/2022,AQS,490494001,2,0.046,ppm,43,Lindon,17,100,44201,Ozone,39340,"Provo-Orem, UT",49,Utah,49,Utah,40.341389,-111.713611
5/30/2022,AQS,490494001,2,0.034,ppm,31,Lindon,17,100,44201,Ozone,39340,"Provo-Orem, UT",49,Utah,49,Utah,40.341389,-111.713611
5/31/2022,AQS,490494001,2,0.039,ppm,36,Lindon,17,100,44201,Ozone,39340,"Provo-Orem, UT",49,Utah,49,Utah,40.341389,-111.713611
6/1/2022,AQS,490494001,2,0.057,ppm,58,Lindon,17,100,44201,Ozone,39340,"Provo-Orem, UT",49,Utah,49,Utah,40.341389,-111.713611
6/2/2022,AQS,490494001,2,0.054,ppm,50,Lindon,17,100,44201,Ozone,39340,"Provo-Orem, UT",49,Utah,49,Utah,40.341389,-111.713611
6/3/2022,AQS,490494001,2,0.059,ppm,64,Lindon,17,100,44201,Ozone,39340,"Provo-Orem, UT",49,Utah,49,Utah,40.341389,-111.713611
6/4/2022,AQS,490494001,2,0.05,ppm,46,Lindon,17,100,44201,Ozone,39340,"Provo-Orem, UT",49,Utah,49,Utah,40.341389,-111.713611
6/5/2022,AQS,490494001,2,0.04,ppm,37,Lindon,17,100,44201,Ozone,39340,"Provo-Orem, UT",49,Utah,49,Utah,40.341389,-111.713611
6/6/2022,AQS,490494001,2,0.052,ppm,48,Lindon,17,100,44201,Ozone,39340,"Provo-Orem, UT",49,Utah,49,Utah,40.341389,-111.713611
6/7/2022,AQS,490494001,2,0.065,ppm,84,Lindon,17,100,44201,Ozone,39340,"Provo-Orem, UT",49,Utah,49,Utah,40.341389,-111.713611
6/8/2022,AQS,490494001,2,0.057,ppm,58,Lindon,17,100,44201,Ozone,39340,"Provo-Orem, UT",49,Utah,49,Utah,40.341389,-111.713611
6/9/2022,AirNow,490494001,2,0.069,ppm,97,Lindon,21,88,44201,Ozone,39340,"Provo-Orem, UT",49,Utah,49,Utah,40.341389,-111.713611
6/10/2022,AirNow,490494001,2,0.059,ppm,64,Lindon,19,79,44201,Ozone,39340,"Provo-Orem, UT",49,Utah,49,Utah,40.341389,-111.713611
6/11/2022,AirNow,490494001,2,0.028,ppm,26,Lindon,22,92,44201,Ozone,39340,"Provo-Orem, UT",49,Utah,49,Utah,40.341389,-111.713611
6/13/2022,AQS,490494001,2,0.046,ppm,43,Lindon,17,100,44201,Ozone,39340,"Provo-Orem, UT",49,Utah,49,Utah,40.341389,-111.713611
6/14/2022,AQS,490494001,2,0.047,ppm,44,Lindon,17,100,44201,Ozone,39340,"Provo-Orem, UT",49,Utah,49,Utah,40.341389,-111.713611
6/15/2022,AQS,490494001,2,0.053,ppm,49,Lindon,17,100,44201,Ozone,39340,"Provo-Orem, UT",49,Utah,49,Utah,40.341389,-111.713611
6/16/2022,AQS,490494001,2,0.054,ppm,50,Lindon,17,100,44201,Ozone,39340,"Provo-Orem, UT",49,Utah,49,Utah,40.341389,-111.713611
6/17/2022,AQS,490494001,2,0.051,ppm,47,Lindon,17,100,44201,Ozone,39340,"Provo-Orem, UT",49,Utah,49,Utah,40.341389,-111.713611
6/18/2022,AQS,490494001,2,0.045,ppm,42,Lindon,17,100,44201,Ozone,39340,"Provo-Orem, UT",49,Utah,49,Utah,40.341389,-111.713611
6/19/2022,AQS,490494001,2,0.057,ppm,58,Lindon,17,100,44201,Ozone,39340,"Provo-Orem, UT",49,Utah,49,Utah,40.341389,-111.713611
6/20/2022,AQS,490494001,2,0.05,ppm,46,Lindon,17,100,44201,Ozone,39340,"Provo-Orem, UT",49,Utah,49,Utah,40.341389,-111.713611
6/21/2022,AQS,490494001,2,0.062,ppm,74,Lindon,17,100,44201,Ozone,39340,"Provo-Orem, UT",49,Utah,49,Utah,40.341389,-111.713611
6/22/2022,AQS,490494001,2,0.067,ppm,90,Lindon,17,100,44201,Ozone,39340,"Provo-Orem, UT",49,Utah,49,Utah,40.341389,-111.713611
6/23/2022,AQS,490494001,2,0.052,ppm,48,Lindon,17,100,44201,Ozone,39340,"Provo-Orem, UT",49,Utah,49,Utah,40.341389,-111.713611
6/24/2022,AQS,490494001,2,0.056,ppm,54,Lindon,17,100,44201,Ozone,39340,"Provo-Orem, UT",49,Utah,49,Utah,40.341389,-111.713611
6/25/2022,AQS,490494001,2,0.056,ppm,54,Lindon,17,100,44201,Ozone,39340,"Provo-Orem, UT",49,Utah,49,Utah,40.341389,-111.713611
6/26/2022,AQS,490494001,2,0.055,ppm,51,Lindon,17,100,44201,Ozone,39340,"Provo-Orem, UT",49,Utah,49,Utah,40.341389,-111.713611
6/27/2022,AQS,490494001,2,0.059,ppm,64,Lindon,17,100,44201,Ozone,39340,"Provo-Orem, UT",49,Utah,49,Utah,40.341389,-111.713611
6/28/2022,AQS,490494001,2,0.052,ppm,48,Lindon,17,100,44201,Ozone,39340,"Provo-Orem, UT",49,Utah,49,Utah,40.341389,-111.713611
6/29/2022,AQS,490494001,2,0.049,ppm,45,Lindon,17,100,44201,Ozone,39340,"Provo-Orem, UT",49,Utah,49,Utah,40.341389,-111.713611
6/30/2022,AQS,490494001,2,0.054,ppm,50,Lindon,14,82,44201,Ozone,39340,"Provo-Orem, UT",49,Utah,49,Utah,40.341389,-111.713611
7/1/2022,AQS,490494001,2,0.048,ppm,44,Lindon,16,94,44201,Ozone,39340,"Provo-Orem, UT",49,Utah,49,Utah,40.341389,-111.713611
7/2/2022,AQS,490494001,2,0.043,ppm,40,Lindon,17,100,44201,Ozone,39340,"Provo-Orem, UT",49,Utah,49,Utah,40.341389,-111.713611
7/3/2022,AQS,490494001,2,0.041,ppm,38,Lindon,17,100,44201,Ozone,39340,"Provo-Orem, UT",49,Utah,49,Utah,40.341389,-111.713611
7/4/2022,AQS,490494001,2,0.047,ppm,44,Lindon,17,100,44201,Ozone,39340,"Provo-Orem, UT",49,Utah,49,Utah,40.341389,-111.713611
7/5/2022,AQS,490494001,2,0.047,ppm,44,Lindon,17,100,44201,Ozone,39340,"Provo-Orem, UT",49,Utah,49,Utah,40.341389,-111.713611
7/6/2022,AQS,490494001,2,0.049,ppm,45,Lindon,17,100,44201,Ozone,39340,"Provo-Orem, UT",49,Utah,49,Utah,40.341389,-111.713611
7/7/2022,AQS,490494001,2,0.052,ppm,48,Lindon,17,100,44201,Ozone,39340,"Provo-Orem, UT",49,Utah,49,Utah,40.341389,-111.713611
7/8/2022,AQS,490494001,2,0.053,ppm,49,Lindon,17,100,44201,Ozone,39340,"Provo-Orem, UT",49,Utah,49,Utah,40.341389,-111.713611
7/9/2022,AQS,490494001,2,0.05,ppm,46,Lindon,17,100,44201,Ozone,39340,"Provo-Orem, UT",49,Utah,49,Utah,40.341389,-111.713611
7/10/2022,AQS,490494001,2,0.054,ppm,50,Lindon,17,100,44201,Ozone,39340,"Provo-Orem, UT",49,Utah,49,Utah,40.341389,-111.713611
7/11/2022,AQS,490494001,2,0.076,ppm,119,Lindon,17,100,44201,Ozone,39340,"Provo-Orem, UT",49,Utah,49,Utah,40.341389,-111.713611
7/12/2022,AQS,490494001,2,0.056,ppm,54,Lindon,17,100,44201,Ozone,39340,"Provo-Orem, UT",49,Utah,49,Utah,40.341389,-111.713611
7/13/2022,AQS,490494001,2,0.057,ppm,58,Lindon,17,100,44201,Ozone,39340,"Provo-Orem, UT",49,Utah,49,Utah,40.341389,-111.713611
7/14/2022,AQS,490494001,2,0.055,ppm,51,Lindon,17,100,44201,Ozone,39340,"Provo-Orem, UT",49,Utah,49,Utah,40.341389,-111.713611
7/15/2022,AQS,490494001,2,0.056,ppm,54,Lindon,17,100,44201,Ozone,39340,"Provo-Orem, UT",49,Utah,49,Utah,40.341389,-111.713611
7/16/2022,AQS,490494001,2,0.059,ppm,64,Lindon,17,100,44201,Ozone,39340,"Provo-Orem, UT",49,Utah,49,Utah,40.341389,-111.713611
7/17/2022,AQS,490494001,2,0.059,ppm,64,Lindon,17,100,44201,Ozone,39340,"Provo-Orem, UT",49,Utah,49,Utah,40.341389,-111.713611
7/18/2022,AQS,490494001,2,0.063,ppm,77,Lindon,17,100,44201,Ozone,39340,"Provo-Orem, UT",49,Utah,49,Utah,40.341389,-111.713611
7/19/2022,AQS,490494001,2,0.067,ppm,90,Lindon,17,100,44201,Ozone,39340,"Provo-Orem, UT",49,Utah,49,Utah,40.341389,-111.713611
7/20/2022,AQS,490494001,2,0.068,ppm,93,Lindon,17,100,44201,Ozone,39340,"Provo-Orem, UT",49,Utah,49,Utah,40.341389,-111.713611
7/21/2022,AQS,490494001,2,0.064,ppm,80,Lindon,17,100,44201,Ozone,39340,"Provo-Orem, UT",49,Utah,49,Utah,40.341389,-111.713611
7/22/2022,AQS,490494001,2,0.065,ppm,84,Lindon,17,100,44201,Ozone,39340,"Provo-Orem, UT",49,Utah,49,Utah,40.341389,-111.713611
7/23/2022,AQS,490494001,2,0.06,ppm,67,Lindon,17,100,44201,Ozone,39340,"Provo-Orem, UT",49,Utah,49,Utah,40.341389,-111.713611
7/24/2022,AQS,490494001,2,0.053,ppm,49,Lindon,17,100,44201,Ozone,39340,"Provo-Orem, UT",49,Utah,49,Utah,40.341389,-111.713611
7/25/2022,AQS,490494001,2,0.063,ppm,77,Lindon,17,100,44201,Ozone,39340,"Provo-Orem, UT",49,Utah,49,Utah,40.341389,-111.713611
7/26/2022,AQS,490494001,2,0.068,ppm,93,Lindon,17,100,44201,Ozone,39340,"Provo-Orem, UT",49,Utah,49,Utah,40.341389,-111.713611
7/27/2022,AQS,490494001,2,0.065,ppm,84,Lindon,17,100,44201,Ozone,39340,"Provo-Orem, UT",49,Utah,49,Utah,40.341389,-111.713611
7/28/2022,AQS,490494001,2,0.06,ppm,67,Lindon,17,100,44201,Ozone,39340,"Provo-Orem, UT",49,Utah,49,Utah,40.341389,-111.713611
7/29/2022,AQS,490494001,2,0.058,ppm,61,Lindon,17,100,44201,Ozone,39340,"Provo-Orem, UT",49,Utah,49,Utah,40.341389,-111.713611
7/30/2022,AQS,490494001,2,0.057,ppm,58,Lindon,17,100,44201,Ozone,39340,"Provo-Orem, UT",49,Utah,49,Utah,40.341389,-111.713611
7/31/2022,AQS,490494001,2,0.058,ppm,61,Lindon,17,100,44201,Ozone,39340,"Provo-Orem, UT",49,Utah,49,Utah,40.341389,-111.713611
8/1/2022,AQS,490494001,2,0.052,ppm,48,Lindon,17,100,44201,Ozone,39340,"Provo-Orem, UT",49,Utah,49,Utah,40.341389,-111.713611
8/2/2022,AQS,490494001,2,0.058,ppm,61,Lindon,17,100,44201,Ozone,39340,"Provo-Orem, UT",49,Utah,49,Utah,40.341389,-111.713611
8/3/2022,AQS,490494001,2,0.074,ppm,112,Lindon,17,100,44201,Ozone,39340,"Provo-Orem, UT",49,Utah,49,Utah,40.341389,-111.713611
8/4/2022,AQS,490494001,2,0.069,ppm,97,Lindon,17,100,44201,Ozone,39340,"Provo-Orem, UT",49,Utah,49,Utah,40.341389,-111.713611
8/5/2022,AQS,490494001,2,0.056,ppm,54,Lindon,17,100,44201,Ozone,39340,"Provo-Orem, UT",49,Utah,49,Utah,40.341389,-111.713611
8/6/2022,AQS,490494001,2,0.051,ppm,47,Lindon,17,100,44201,Ozone,39340,"Provo-Orem, UT",49,Utah,49,Utah,40.341389,-111.713611
8/7/2022,AQS,490494001,2,0.056,ppm,54,Lindon,17,100,44201,Ozone,39340,"Provo-Orem, UT",49,Utah,49,Utah,40.341389,-111.713611
8/8/2022,AQS,490494001,2,0.066,ppm,87,Lindon,17,100,44201,Ozone,39340,"Provo-Orem, UT",49,Utah,49,Utah,40.341389,-111.713611
8/9/2022,AQS,490494001,2,0.075,ppm,115,Lindon,17,100,44201,Ozone,39340,"Provo-Orem, UT",49,Utah,49,Utah,40.341389,-111.713611
8/10/2022,AQS,490494001,2,0.055,ppm,51,Lindon,17,100,44201,Ozone,39340,"Provo-Orem, UT",49,Utah,49,Utah,40.341389,-111.713611
8/11/2022,AQS,490494001,2,0.06,ppm,67,Lindon,17,100,44201,Ozone,39340,"Provo-Orem, UT",49,Utah,49,Utah,40.341389,-111.713611
8/12/2022,AQS,490494001,2,0.054,ppm,50,Lindon,17,100,44201,Ozone,39340,"Provo-Orem, UT",49,Utah,49,Utah,40.341389,-111.713611
8/13/2022,AQS,490494001,2,0.053,ppm,49,Lindon,17,100,44201,Ozone,39340,"Provo-Orem, UT",49,Utah,49,Utah,40.341389,-111.713611
8/14/2022,AQS,490494001,2,0.057,ppm,58,Lindon,17,100,44201,Ozone,39340,"Provo-Orem, UT",49,Utah,49,Utah,40.341389,-111.713611
8/15/2022,AQS,490494001,2,0.06,ppm,67,Lindon,17,100,44201,Ozone,39340,"Provo-Orem, UT",49,Utah,49,Utah,40.341389,-111.713611
8/16/2022,AQS,490494001,2,0.061,ppm,71,Lindon,17,100,44201,Ozone,39340,"Provo-Orem, UT",49,Utah,49,Utah,40.341389,-111.713611
8/17/2022,AQS,490494001,2,0.059,ppm,64,Lindon,17,100,44201,Ozone,39340,"Provo-Orem, UT",49,Utah,49,Utah,40.341389,-111.713611
8/18/2022,AQS,490494001,2,0.056,ppm,54,Lindon,17,100,44201,Ozone,39340,"Provo-Orem, UT",49,Utah,49,Utah,40.341389,-111.713611
8/19/2022,AQS,490494001,2,0.048,ppm,44,Lindon,17,100,44201,Ozone,39340,"Provo-Orem, UT",49,Utah,49,Utah,40.341389,-111.713611
8/20/2022,AQS,490494001,2,0.044,ppm,41,Lindon,17,100,44201,Ozone,39340,"Provo-Orem, UT",49,Utah,49,Utah,40.341389,-111.713611
8/21/2022,AQS,490494001,2,0.059,ppm,64,Lindon,17,100,44201,Ozone,39340,"Provo-Orem, UT",49,Utah,49,Utah,40.341389,-111.713611
8/22/2022,AQS,490494001,2,0.063,ppm,77,Lindon,17,100,44201,Ozone,39340,"Provo-Orem, UT",49,Utah,49,Utah,40.341389,-111.713611
8/23/2022,AQS,490494001,2,0.057,ppm,58,Lindon,17,100,44201,Ozone,39340,"Provo-Orem, UT",49,Utah,49,Utah,40.341389,-111.713611
8/24/2022,AQS,490494001,2,0.052,ppm,48,Lindon,17,100,44201,Ozone,39340,"Provo-Orem, UT",49,Utah,49,Utah,40.341389,-111.713611
8/25/2022,AQS,490494001,2,0.054,ppm,50,Lindon,17,100,44201,Ozone,39340,"Provo-Orem, UT",49,Utah,49,Utah,40.341389,-111.713611
8/26/2022,AQS,490494001,2,0.053,ppm,49,Lindon,14,82,44201,Ozone,39340,"Provo-Orem, UT",49,Utah,49,Utah,40.341389,-111.713611
8/27/2022,AQS,490494001,2,0.053,ppm,49,Lindon,17,100,44201,Ozone,39340,"Provo-Orem, UT",49,Utah,49,Utah,40.341389,-111.713611
8/28/2022,AQS,490494001,2,0.057,ppm,58,Lindon,17,100,44201,Ozone,39340,"Provo-Orem, UT",49,Utah,49,Utah,40.341389,-111.713611
8/29/2022,AQS,490494001,2,0.062,ppm,74,Lindon,17,100,44201,Ozone,39340,"Provo-Orem, UT",49,Utah,49,Utah,40.341389,-111.713611
8/30/2022,AQS,490494001,2,0.064,ppm,80,Lindon,17,100,44201,Ozone,39340,"Provo-Orem, UT",49,Utah,49,Utah,40.341389,-111.713611
8/31/2022,AQS,490494001,2,0.067,ppm,90,Lindon,17,100,44201,Ozone,39340,"Provo-Orem, UT",49,Utah,49,Utah,40.341389,-111.713611
9/1/2022,AQS,490494001,2,0.065,ppm,84,Lindon,17,100,44201,Ozone,39340,"Provo-Orem, UT",49,Utah,49,Utah,40.341389,-111.713611
9/2/2022,AQS,490494001,2,0.062,ppm,74,Lindon,17,100,44201,Ozone,39340,"Provo-Orem, UT",49,Utah,49,Utah,40.341389,-111.713611
9/3/2022,AQS,490494001,2,0.065,ppm,84,Lindon,17,100,44201,Ozone,39340,"Provo-Orem, UT",49,Utah,49,Utah,40.341389,-111.713611
9/4/2022,AQS,490494001,2,0.062,ppm,74,Lindon,17,100,44201,Ozone,39340,"Provo-Orem, UT",49,Utah,49,Utah,40.341389,-111.713611
9/5/2022,AQS,490494001,2,0.058,ppm,61,Lindon,17,100,44201,Ozone,39340,"Provo-Orem, UT",49,Utah,49,Utah,40.341389,-111.713611
9/6/2022,AQS,490494001,2,0.054,ppm,50,Lindon,17,100,44201,Ozone,39340,"Provo-Orem, UT",49,Utah,49,Utah,40.341389,-111.713611
9/7/2022,AQS,490494001,2,0.058,ppm,61,Lindon,17,100,44201,Ozone,39340,"Provo-Orem, UT",49,Utah,49,Utah,40.341389,-111.713611
9/8/2022,AQS,490494001,2,0.057,ppm,58,Lindon,17,100,44201,Ozone,39340,"Provo-Orem, UT",49,Utah,49,Utah,40.341389,-111.713611
9/9/2022,AQS,490494001,2,0.069,ppm,97,Lindon,17,100,44201,Ozone,39340,"Provo-Orem, UT",49,Utah,49,Utah,40.341389,-111.713611
9/10/2022,AQS,490494001,2,0.074,ppm,112,Lindon,17,100,44201,Ozone,39340,"Provo-Orem, UT",49,Utah,49,Utah,40.341389,-111.713611
9/11/2022,AQS,490494001,2,0.064,ppm,80,Lindon,17,100,44201,Ozone,39340,"Provo-Orem, UT",49,Utah,49,Utah,40.341389,-111.713611
9/12/2022,AQS,490494001,2,0.059,ppm,64,Lindon,17,100,44201,Ozone,39340,"Provo-Orem, UT",49,Utah,49,Utah,40.341389,-111.713611
9/13/2022,AQS,490494001,2,0.038,ppm,35,Lindon,17,100,44201,Ozone,39340,"Provo-Orem, UT",49,Utah,49,Utah,40.341389,-111.713611
9/14/2022,AQS,490494001,2,0.035,ppm,32,Lindon,17,100,44201,Ozone,39340,"Provo-Orem, UT",49,Utah,49,Utah,40.341389,-111.713611
9/15/2022,AQS,490494001,2,0.048,ppm,44,Lindon,17,100,44201,Ozone,39340,"Provo-Orem, UT",49,Utah,49,Utah,40.341389,-111.713611
9/16/2022,AQS,490494001,2,0.052,ppm,48,Lindon,17,100,44201,Ozone,39340,"Provo-Orem, UT",49,Utah,49,Utah,40.341389,-111.713611
9/17/2022,AQS,490494001,2,0.052,ppm,48,Lindon,17,100,44201,Ozone,39340,"Provo-Orem, UT",49,Utah,49,Utah,40.341389,-111.713611
9/18/2022,AQS,490494001,2,0.043,ppm,40,Lindon,17,100,44201,Ozone,39340,"Provo-Orem, UT",49,Utah,49,Utah,40.341389,-111.713611
9/19/2022,AQS,490494001,2,0.044,ppm,41,Lindon,17,100,44201,Ozone,39340,"Provo-Orem, UT",49,Utah,49,Utah,40.341389,-111.713611
9/20/2022,AQS,490494001,2,0.04,ppm,37,Lindon,17,100,44201,Ozone,39340,"Provo-Orem, UT",49,Utah,49,Utah,40.341389,-111.713611
9/21/2022,AQS,490494001,2,0.032,ppm,30,Lindon,17,100,44201,Ozone,39340,"Provo-Orem, UT",49,Utah,49,Utah,40.341389,-111.713611
9/22/2022,AQS,490494001,2,0.047,ppm,44,Lindon,17,100,44201,Ozone,39340,"Provo-Orem, UT",49,Utah,49,Utah,40.341389,-111.713611
9/23/2022,AQS,490494001,2,0.049,ppm,45,Lindon,17,100,44201,Ozone,39340,"Provo-Orem, UT",49,Utah,49,Utah,40.341389,-111.713611
9/24/2022,AQS,490494001,2,0.053,ppm,49,Lindon,17,100,44201,Ozone,39340,"Provo-Orem, UT",49,Utah,49,Utah,40.341389,-111.713611
9/25/2022,AQS,490494001,2,0.053,ppm,49,Lindon,17,100,44201,Ozone,39340,"Provo-Orem, UT",49,Utah,49,Utah,40.341389,-111.713611
9/26/2022,AQS,490494001,2,0.048,ppm,44,Lindon,17,100,44201,Ozone,39340,"Provo-Orem, UT",49,Utah,49,Utah,40.341389,-111.713611
9/27/2022,AQS,490494001,2,0.046,ppm,43,Lindon,17,100,44201,Ozone,39340,"Provo-Orem, UT",49,Utah,49,Utah,40.341389,-111.713611
9/28/2022,AQS,490494001,2,0.04,ppm,37,Lindon,17,100,44201,Ozone,39340,"Provo-Orem, UT",49,Utah,49,Utah,40.341389,-111.713611
9/29/2022,AQS,490494001,2,0.047,ppm,44,Lindon,17,100,44201,Ozone,39340,"Provo-Orem, UT",49,Utah,49,Utah,40.341389,-111.713611
9/30/2022,AQS,490494001,2,0.043,ppm,40,Lindon,17,100,44201,Ozone,39340,"Provo-Orem, UT",49,Utah,49,Utah,40.341389,-111.713611
10/1/2022,AQS,490494001,2,0.042,ppm,39,Lindon,17,100,44201,Ozone,39340,"Provo-Orem, UT",49,Utah,49,Utah,40.341389,-111.713611
10/2/2022,AQS,490494001,2,0.044,ppm,41,Lindon,17,100,44201,Ozone,39340,"Provo-Orem, UT",49,Utah,49,Utah,40.341389,-111.713611
10/3/2022,AQS,490494001,2,0.045,ppm,42,Lindon,17,100,44201,Ozone,39340,"Provo-Orem, UT",49,Utah,49,Utah,40.341389,-111.713611
10/4/2022,AQS,490494001,2,0.046,ppm,43,Lindon,17,100,44201,Ozone,39340,"Provo-Orem, UT",49,Utah,49,Utah,40.341389,-111.713611
10/5/2022,AQS,490494001,2,0.05,ppm,46,Lindon,17,100,44201,Ozone,39340,"Provo-Orem, UT",49,Utah,49,Utah,40.341389,-111.713611
10/6/2022,AQS,490494001,2,0.043,ppm,40,Lindon,17,100,44201,Ozone,39340,"Provo-Orem, UT",49,Utah,49,Utah,40.341389,-111.713611
10/7/2022,AQS,490494001,2,0.042,ppm,39,Lindon,17,100,44201,Ozone,39340,"Provo-Orem, UT",49,Utah,49,Utah,40.341389,-111.713611
10/8/2022,AQS,490494001,2,0.048,ppm,44,Lindon,17,100,44201,Ozone,39340,"Provo-Orem, UT",49,Utah,49,Utah,40.341389,-111.713611
10/9/2022,AQS,490494001,2,0.047,ppm,44,Lindon,17,100,44201,Ozone,39340,"Provo-Orem, UT",49,Utah,49,Utah,40.341389,-111.713611
10/10/2022,AQS,490494001,2,0.045,ppm,42,Lindon,17,100,44201,Ozone,39340,"Provo-Orem, UT",49,Utah,49,Utah,40.341389,-111.713611
10/11/2022,AQS,490494001,2,0.042,ppm,39,Lindon,17,100,44201,Ozone,39340,"Provo-Orem, UT",49,Utah,49,Utah,40.341389,-111.713611
10/12/2022,AQS,490494001,2,0.04,ppm,37,Lindon,17,100,44201,Ozone,39340,"Provo-Orem, UT",49,Utah,49,Utah,40.341389,-111.713611
10/13/2022,AQS,490494001,2,0.04,ppm,37,Lindon,17,100,44201,Ozone,39340,"Provo-Orem, UT",49,Utah,49,Utah,40.341389,-111.713611
10/14/2022,AQS,490494001,2,0.044,ppm,41,Lindon,17,100,44201,Ozone,39340,"Provo-Orem, UT",49,Utah,49,Utah,40.341389,-111.713611
10/15/2022,AQS,490494001,2,0.044,ppm,41,Lindon,17,100,44201,Ozone,39340,"Provo-Orem, UT",49,Utah,49,Utah,40.341389,-111.713611
10/16/2022,AQS,490494001,2,0.042,ppm,39,Lindon,17,100,44201,Ozone,39340,"Provo-Orem, UT",49,Utah,49,Utah,40.341389,-111.713611
10/17/2022,AQS,490494001,2,0.037,ppm,34,Lindon,17,100,44201,Ozone,39340,"Provo-Orem, UT",49,Utah,49,Utah,40.341389,-111.713611
10/18/2022,AQS,490494001,2,0.035,ppm,32,Lindon,17,100,44201,Ozone,39340,"Provo-Orem, UT",49,Utah,49,Utah,40.341389,-111.713611
10/19/2022,AQS,490494001,2,0.037,ppm,34,Lindon,17,100,44201,Ozone,39340,"Provo-Orem, UT",49,Utah,49,Utah,40.341389,-111.713611
10/20/2022,AQS,490494001,2,0.04,ppm,37,Lindon,17,100,44201,Ozone,39340,"Provo-Orem, UT",49,Utah,49,Utah,40.341389,-111.713611
10/21/2022,AQS,490494001,2,0.042,ppm,39,Lindon,17,100,44201,Ozone,39340,"Provo-Orem, UT",49,Utah,49,Utah,40.341389,-111.713611
10/22/2022,AQS,490494001,2,0.042,ppm,39,Lindon,17,100,44201,Ozone,39340,"Provo-Orem, UT",49,Utah,49,Utah,40.341389,-111.713611
10/23/2022,AQS,490494001,2,0.032,ppm,30,Lindon,17,100,44201,Ozone,39340,"Provo-Orem, UT",49,Utah,49,Utah,40.341389,-111.713611
10/24/2022,AQS,490494001,2,0.031,ppm,29,Lindon,17,100,44201,Ozone,39340,"Provo-Orem, UT",49,Utah,49,Utah,40.341389,-111.713611
10/25/2022,AQS,490494001,2,0.033,ppm,31,Lindon,17,100,44201,Ozone,39340,"Provo-Orem, UT",49,Utah,49,Utah,40.341389,-111.713611
10/26/2022,AQS,490494001,2,0.036,ppm,33,Lindon,17,100,44201,Ozone,39340,"Provo-Orem, UT",49,Utah,49,Utah,40.341389,-111.713611
10/27/2022,AQS,490494001,2,0.031,ppm,29,Lindon,17,100,44201,Ozone,39340,"Provo-Orem, UT",49,Utah,49,Utah,40.341389,-111.713611
10/28/2022,AQS,490494001,2,0.028,ppm,26,Lindon,17,100,44201,Ozone,39340,"Provo-Orem, UT",49,Utah,49,Utah,40.341389,-111.713611
10/29/2022,AQS,490494001,2,0.029,ppm,27,Lindon,17,100,44201,Ozone,39340,"Provo-Orem, UT",49,Utah,49,Utah,40.341389,-111.713611
10/30/2022,AQS,490494001,2,0.036,ppm,33,Lindon,17,100,44201,Ozone,39340,"Provo-Orem, UT",49,Utah,49,Utah,40.341389,-111.713611
10/31/2022,AQS,490494001,2,0.03,ppm,28,Lindon,17,100,44201,Ozone,39340,"Provo-Orem, UT",49,Utah,49,Utah,40.341389,-111.713611
11/1/2022,AQS,490494001,2,0.042,ppm,39,Lindon,17,100,44201,Ozone,39340,"Provo-Orem, UT",49,Utah,49,Utah,40.341389,-111.713611
11/2/2022,AQS,490494001,2,0.029,ppm,27,Lindon,17,100,44201,Ozone,39340,"Provo-Orem, UT",49,Utah,49,Utah,40.341389,-111.713611
11/3/2022,AQS,490494001,2,0.032,ppm,30,Lindon,17,100,44201,Ozone,39340,"Provo-Orem, UT",49,Utah,49,Utah,40.341389,-111.713611
11/4/2022,AQS,490494001,2,0.032,ppm,30,Lindon,17,100,44201,Ozone,39340,"Provo-Orem, UT",49,Utah,49,Utah,40.341389,-111.713611
11/5/2022,AQS,490494001,2,0.036,ppm,33,Lindon,17,100,44201,Ozone,39340,"Provo-Orem, UT",49,Utah,49,Utah,40.341389,-111.713611
11/6/2022,AQS,490494001,2,0.033,ppm,31,Lindon,17,100,44201,Ozone,39340,"Provo-Orem, UT",49,Utah,49,Utah,40.341389,-111.713611
11/7/2022,AQS,490494001,2,0.03,ppm,28,Lindon,17,100,44201,Ozone,39340,"Provo-Orem, UT",49,Utah,49,Utah,40.341389,-111.713611
11/8/2022,AQS,490494001,2,0.03,ppm,28,Lindon,17,100,44201,Ozone,39340,"Provo-Orem, UT",49,Utah,49,Utah,40.341389,-111.713611
11/9/2022,AQS,490494001,2,0.039,ppm,36,Lindon,17,100,44201,Ozone,39340,"Provo-Orem, UT",49,Utah,49,Utah,40.341389,-111.713611
11/10/2022,AQS,490494001,2,0.036,ppm,33,Lindon,17,100,44201,Ozone,39340,"Provo-Orem, UT",49,Utah,49,Utah,40.341389,-111.713611
11/11/2022,AQS,490494001,2,0.03,ppm,28,Lindon,17,100,44201,Ozone,39340,"Provo-Orem, UT",49,Utah,49,Utah,40.341389,-111.713611
11/12/2022,AQS,490494001,2,0.03,ppm,28,Lindon,17,100,44201,Ozone,39340,"Provo-Orem, UT",49,Utah,49,Utah,40.341389,-111.713611
11/13/2022,AQS,490494001,2,0.03,ppm,28,Lindon,17,100,44201,Ozone,39340,"Provo-Orem, UT",49,Utah,49,Utah,40.341389,-111.713611
11/14/2022,AQS,490494001,2,0.03,ppm,28,Lindon,17,100,44201,Ozone,39340,"Provo-Orem, UT",49,Utah,49,Utah,40.341389,-111.713611
11/15/2022,AQS,490494001,2,0.029,ppm,27,Lindon,17,100,44201,Ozone,39340,"Provo-Orem, UT",49,Utah,49,Utah,40.341389,-111.713611
11/16/2022,AQS,490494001,2,0.025,ppm,23,Lindon,17,100,44201,Ozone,39340,"Provo-Orem, UT",49,Utah,49,Utah,40.341389,-111.713611
11/17/2022,AQS,490494001,2,0.027,ppm,25,Lindon,17,100,44201,Ozone,39340,"Provo-Orem, UT",49,Utah,49,Utah,40.341389,-111.713611
11/18/2022,AQS,490494001,2,0.025,ppm,23,Lindon,17,100,44201,Ozone,39340,"Provo-Orem, UT",49,Utah,49,Utah,40.341389,-111.713611
11/19/2022,AQS,490494001,2,0.027,ppm,25,Lindon,17,100,44201,Ozone,39340,"Provo-Orem, UT",49,Utah,49,Utah,40.341389,-111.713611
11/20/2022,AQS,490494001,2,0.026,ppm,24,Lindon,17,100,44201,Ozone,39340,"Provo-Orem, UT",49,Utah,49,Utah,40.341389,-111.713611
11/21/2022,AQS,490494001,2,0.022,ppm,20,Lindon,17,100,44201,Ozone,39340,"Provo-Orem, UT",49,Utah,49,Utah,40.341389,-111.713611
11/22/2022,AQS,490494001,2,0.016,ppm,15,Lindon,17,100,44201,Ozone,39340,"Provo-Orem, UT",49,Utah,49,Utah,40.341389,-111.713611
11/23/2022,AQS,490494001,2,0.03,ppm,28,Lindon,17,100,44201,Ozone,39340,"Provo-Orem, UT",49,Utah,49,Utah,40.341389,-111.713611
11/24/2022,AQS,490494001,2,0.029,ppm,27,Lindon,17,100,44201,Ozone,39340,"Provo-Orem, UT",49,Utah,49,Utah,40.341389,-111.713611
11/25/2022,AQS,490494001,2,0.025,ppm,23,Lindon,17,100,44201,Ozone,39340,"Provo-Orem, UT",49,Utah,49,Utah,40.341389,-111.713611
11/26/2022,AQS,490494001,2,0.016,ppm,15,Lindon,17,100,44201,Ozone,39340,"Provo-Orem, UT",49,Utah,49,Utah,40.341389,-111.713611
11/27/2022,AQS,490494001,2,0.038,ppm,35,Lindon,17,100,44201,Ozone,39340,"Provo-Orem, UT",49,Utah,49,Utah,40.341389,-111.713611
11/28/2022,AQS,490494001,2,0.031,ppm,29,Lindon,17,100,44201,Ozone,39340,"Provo-Orem, UT",49,Utah,49,Utah,40.341389,-111.713611
11/29/2022,AQS,490494001,2,0.033,ppm,31,Lindon,17,100,44201,Ozone,39340,"Provo-Orem, UT",49,Utah,49,Utah,40.341389,-111.713611
11/30/2022,AQS,490494001,2,0.03,ppm,28,Lindon,17,100,44201,Ozone,39340,"Provo-Orem, UT",49,Utah,49,Utah,40.341389,-111.713611
12/1/2022,AQS,490494001,2,0.038,ppm,35,Lindon,17,100,44201,Ozone,39340,"Provo-Orem, UT",49,Utah,49,Utah,40.341389,-111.713611
12/2/2022,AQS,490494001,2,0.037,ppm,34,Lindon,17,100,44201,Ozone,39340,"Provo-Orem, UT",49,Utah,49,Utah,40.341389,-111.713611
12/3/2022,AQS,490494001,2,0.02,ppm,19,Lindon,17,100,44201,Ozone,39340,"Provo-Orem, UT",49,Utah,49,Utah,40.341389,-111.713611
12/4/2022,AQS,490494001,2,0.028,ppm,26,Lindon,17,100,44201,Ozone,39340,"Provo-Orem, UT",49,Utah,49,Utah,40.341389,-111.713611
12/5/2022,AQS,490494001,2,0.031,ppm,29,Lindon,17,100,44201,Ozone,39340,"Provo-Orem, UT",49,Utah,49,Utah,40.341389,-111.713611
12/6/2022,AQS,490494001,2,0.033,ppm,31,Lindon,17,100,44201,Ozone,39340,"Provo-Orem, UT",49,Utah,49,Utah,40.341389,-111.713611
12/7/2022,AQS,490494001,2,0.02,ppm,19,Lindon,17,100,44201,Ozone,39340,"Provo-Orem, UT",49,Utah,49,Utah,40.341389,-111.713611
12/8/2022,AQS,490494001,2,0.022,ppm,20,Lindon,17,100,44201,Ozone,39340,"Provo-Orem, UT",49,Utah,49,Utah,40.341389,-111.713611
12/9/2022,AQS,490494001,2,0.032,ppm,30,Lindon,17,100,44201,Ozone,39340,"Provo-Orem, UT",49,Utah,49,Utah,40.341389,-111.713611
12/10/2022,AQS,490494001,2,0.033,ppm,31,Lindon,17,100,44201,Ozone,39340,"Provo-Orem, UT",49,Utah,49,Utah,40.341389,-111.713611
12/11/2022,AQS,490494001,2,0.039,ppm,36,Lindon,17,100,44201,Ozone,39340,"Provo-Orem, UT",49,Utah,49,Utah,40.341389,-111.713611
12/12/2022,AQS,490494001,2,0.036,ppm,33,Lindon,17,100,44201,Ozone,39340,"Provo-Orem, UT",49,Utah,49,Utah,40.341389,-111.713611
12/13/2022,AQS,490494001,2,0.023,ppm,21,Lindon,17,100,44201,Ozone,39340,"Provo-Orem, UT",49,Utah,49,Utah,40.341389,-111.713611
12/14/2022,AQS,490494001,2,0.025,ppm,23,Lindon,17,100,44201,Ozone,39340,"Provo-Orem, UT",49,Utah,49,Utah,40.341389,-111.713611
12/15/2022,AQS,490494001,2,0.027,ppm,25,Lindon,17,100,44201,Ozone,39340,"Provo-Orem, UT",49,Utah,49,Utah,40.341389,-111.713611
12/16/2022,AQS,490494001,2,0.025,ppm,23,Lindon,17,100,44201,Ozone,39340,"Provo-Orem, UT",49,Utah,49,Utah,40.341389,-111.713611
12/17/2022,AQS,490494001,2,0.024,ppm,22,Lindon,17,100,44201,Ozone,39340,"Provo-Orem, UT",49,Utah,49,Utah,40.341389,-111.713611
12/18/2022,AQS,490494001,2,0.024,ppm,22,Lindon,17,100,44201,Ozone,39340,"Provo-Orem, UT",49,Utah,49,Utah,40.341389,-111.713611
12/19/2022,AQS,490494001,2,0.021,ppm,19,Lindon,17,100,44201,Ozone,39340,"Provo-Orem, UT",49,Utah,49,Utah,40.341389,-111.713611
12/20/2022,AQS,490494001,2,0.008,ppm,7,Lindon,17,100,44201,Ozone,39340,"Provo-Orem, UT",49,Utah,49,Utah,40.341389,-111.713611
12/21/2022,AQS,490494001,2,0.036,ppm,33,Lindon,17,100,44201,Ozone,39340,"Provo-Orem, UT",49,Utah,49,Utah,40.341389,-111.713611
12/22/2022,AQS,490494001,2,0.028,ppm,26,Lindon,17,100,44201,Ozone,39340,"Provo-Orem, UT",49,Utah,49,Utah,40.341389,-111.713611
12/23/2022,AQS,490494001,2,0.015,ppm,14,Lindon,17,100,44201,Ozone,39340,"Provo-Orem, UT",49,Utah,49,Utah,40.341389,-111.713611
12/24/2022,AQS,490494001,2,0.01,ppm,9,Lindon,17,100,44201,Ozone,39340,"Provo-Orem, UT",49,Utah,49,Utah,40.341389,-111.713611
12/25/2022,AQS,490494001,2,0.008,ppm,7,Lindon,17,100,44201,Ozone,39340,"Provo-Orem, UT",49,Utah,49,Utah,40.341389,-111.713611
12/26/2022,AQS,490494001,2,0.009,ppm,8,Lindon,17,100,44201,Ozone,39340,"Provo-Orem, UT",49,Utah,49,Utah,40.341389,-111.713611
12/27/2022,AQS,490494001,2,0.033,ppm,31,Lindon,17,100,44201,Ozone,39340,"Provo-Orem, UT",49,Utah,49,Utah,40.341389,-111.713611
12/28/2022,AQS,490494001,2,0.029,ppm,27,Lindon,17,100,44201,Ozone,39340,"Provo-Orem, UT",49,Utah,49,Utah,40.341389,-111.713611
12/29/2022,AQS,490494001,2,0.032,ppm,30,Lindon,17,100,44201,Ozone,39340,"Provo-Orem, UT",49,Utah,49,Utah,40.341389,-111.713611
12/30/2022,AQS,490494001,2,0.038,ppm,35,Lindon,17,100,44201,Ozone,39340,"Provo-Orem, UT",49,Utah,49,Utah,40.341389,-111.713611
12/31/2022,AirNow,490494001,2,0.03,ppm,28,Lindon,19,79,44201,Ozone,39340,"Provo-Orem, UT",49,Utah,49,Utah,40.341389,-111.713611
1/1/2022,AQS,490495010,1,0.036,ppm,33,Spanish Fork,17,100,44201,Ozone,39340,"Provo-Orem, UT",49,Utah,49,Utah,40.136378,-111.657936
1/2/2022,AQS,490495010,1,0.037,ppm,34,Spanish Fork,17,100,44201,Ozone,39340,"Provo-Orem, UT",49,Utah,49,Utah,40.136378,-111.657936
1/3/2022,AQS,490495010,1,0.038,ppm,35,Spanish Fork,17,100,44201,Ozone,39340,"Provo-Orem, UT",49,Utah,49,Utah,40.136378,-111.657936
1/4/2022,AQS,490495010,1,0.035,ppm,32,Spanish Fork,17,100,44201,Ozone,39340,"Provo-Orem, UT",49,Utah,49,Utah,40.136378,-111.657936
1/5/2022,AQS,490495010,1,0.036,ppm,33,Spanish Fork,17,100,44201,Ozone,39340,"Provo-Orem, UT",49,Utah,49,Utah,40.136378,-111.657936
1/6/2022,AQS,490495010,1,0.028,ppm,26,Spanish Fork,17,100,44201,Ozone,39340,"Provo-Orem, UT",49,Utah,49,Utah,40.136378,-111.657936
1/7/2022,AQS,490495010,1,0.036,ppm,33,Spanish Fork,17,100,44201,Ozone,39340,"Provo-Orem, UT",49,Utah,49,Utah,40.136378,-111.657936
1/8/2022,AQS,490495010,1,0.039,ppm,36,Spanish Fork,17,100,44201,Ozone,39340,"Provo-Orem, UT",49,Utah,49,Utah,40.136378,-111.657936
1/9/2022,AQS,490495010,1,0.035,ppm,32,Spanish Fork,17,100,44201,Ozone,39340,"Provo-Orem, UT",49,Utah,49,Utah,40.136378,-111.657936
1/10/2022,AQS,490495010,1,0.031,ppm,29,Spanish Fork,17,100,44201,Ozone,39340,"Provo-Orem, UT",49,Utah,49,Utah,40.136378,-111.657936
1/11/2022,AQS,490495010,1,0.025,ppm,23,Spanish Fork,17,100,44201,Ozone,39340,"Provo-Orem, UT",49,Utah,49,Utah,40.136378,-111.657936
1/12/2022,AQS,490495010,1,0.03,ppm,28,Spanish Fork,17,100,44201,Ozone,39340,"Provo-Orem, UT",49,Utah,49,Utah,40.136378,-111.657936
1/13/2022,AQS,490495010,1,0.021,ppm,19,Spanish Fork,17,100,44201,Ozone,39340,"Provo-Orem, UT",49,Utah,49,Utah,40.136378,-111.657936
1/14/2022,AQS,490495010,1,0.027,ppm,25,Spanish Fork,17,100,44201,Ozone,39340,"Provo-Orem, UT",49,Utah,49,Utah,40.136378,-111.657936
1/15/2022,AQS,490495010,1,0.034,ppm,31,Spanish Fork,17,100,44201,Ozone,39340,"Provo-Orem, UT",49,Utah,49,Utah,40.136378,-111.657936
1/16/2022,AQS,490495010,1,0.036,ppm,33,Spanish Fork,17,100,44201,Ozone,39340,"Provo-Orem, UT",49,Utah,49,Utah,40.136378,-111.657936
1/17/2022,AQS,490495010,1,0.028,ppm,26,Spanish Fork,17,100,44201,Ozone,39340,"Provo-Orem, UT",49,Utah,49,Utah,40.136378,-111.657936
1/18/2022,AQS,490495010,1,0.018,ppm,17,Spanish Fork,17,100,44201,Ozone,39340,"Provo-Orem, UT",49,Utah,49,Utah,40.136378,-111.657936
1/19/2022,AirNow,490495010,1,0.016,ppm,15,Spanish Fork,24,100,44201,Ozone,39340,"Provo-Orem, UT",49,Utah,49,Utah,40.136378,-111.657936
1/20/2022,AQS,490495010,1,0.024,ppm,22,Spanish Fork,17,100,44201,Ozone,39340,"Provo-Orem, UT",49,Utah,49,Utah,40.136378,-111.657936
1/21/2022,AQS,490495010,1,0.027,ppm,25,Spanish Fork,17,100,44201,Ozone,39340,"Provo-Orem, UT",49,Utah,49,Utah,40.136378,-111.657936
1/22/2022,AQS,490495010,1,0.03,ppm,28,Spanish Fork,17,100,44201,Ozone,39340,"Provo-Orem, UT",49,Utah,49,Utah,40.136378,-111.657936
1/23/2022,AQS,490495010,1,0.032,ppm,30,Spanish Fork,17,100,44201,Ozone,39340,"Provo-Orem, UT",49,Utah,49,Utah,40.136378,-111.657936
1/24/2022,AQS,490495010,1,0.028,ppm,26,Spanish Fork,17,100,44201,Ozone,39340,"Provo-Orem, UT",49,Utah,49,Utah,40.136378,-111.657936
1/25/2022,AQS,490495010,1,0.023,ppm,21,Spanish Fork,17,100,44201,Ozone,39340,"Provo-Orem, UT",49,Utah,49,Utah,40.136378,-111.657936
1/26/2022,AQS,490495010,1,0.033,ppm,31,Spanish Fork,17,100,44201,Ozone,39340,"Provo-Orem, UT",49,Utah,49,Utah,40.136378,-111.657936
1/27/2022,AQS,490495010,1,0.029,ppm,27,Spanish Fork,17,100,44201,Ozone,39340,"Provo-Orem, UT",49,Utah,49,Utah,40.136378,-111.657936
1/28/2022,AQS,490495010,1,0.032,ppm,30,Spanish Fork,17,100,44201,Ozone,39340,"Provo-Orem, UT",49,Utah,49,Utah,40.136378,-111.657936
1/29/2022,AQS,490495010,1,0.033,ppm,31,Spanish Fork,17,100,44201,Ozone,39340,"Provo-Orem, UT",49,Utah,49,Utah,40.136378,-111.657936
1/30/2022,AQS,490495010,1,0.033,ppm,31,Spanish Fork,17,100,44201,Ozone,39340,"Provo-Orem, UT",49,Utah,49,Utah,40.136378,-111.657936
1/31/2022,AQS,490495010,1,0.034,ppm,31,Spanish Fork,17,100,44201,Ozone,39340,"Provo-Orem, UT",49,Utah,49,Utah,40.136378,-111.657936
2/1/2022,AQS,490495010,1,0.037,ppm,34,Spanish Fork,17,100,44201,Ozone,39340,"Provo-Orem, UT",49,Utah,49,Utah,40.136378,-111.657936
2/2/2022,AQS,490495010,1,0.036,ppm,33,Spanish Fork,17,100,44201,Ozone,39340,"Provo-Orem, UT",49,Utah,49,Utah,40.136378,-111.657936
2/3/2022,AQS,490495010,1,0.034,ppm,31,Spanish Fork,17,100,44201,Ozone,39340,"Provo-Orem, UT",49,Utah,49,Utah,40.136378,-111.657936
2/4/2022,AQS,490495010,1,0.037,ppm,34,Spanish Fork,17,100,44201,Ozone,39340,"Provo-Orem, UT",49,Utah,49,Utah,40.136378,-111.657936
2/5/2022,AQS,490495010,1,0.039,ppm,36,Spanish Fork,17,100,44201,Ozone,39340,"Provo-Orem, UT",49,Utah,49,Utah,40.136378,-111.657936
2/6/2022,AQS,490495010,1,0.04,ppm,37,Spanish Fork,17,100,44201,Ozone,39340,"Provo-Orem, UT",49,Utah,49,Utah,40.136378,-111.657936
2/7/2022,AQS,490495010,1,0.038,ppm,35,Spanish Fork,17,100,44201,Ozone,39340,"Provo-Orem, UT",49,Utah,49,Utah,40.136378,-111.657936
2/8/2022,AQS,490495010,1,0.036,ppm,33,Spanish Fork,17,100,44201,Ozone,39340,"Provo-Orem, UT",49,Utah,49,Utah,40.136378,-111.657936
2/9/2022,AQS,490495010,1,0.038,ppm,35,Spanish Fork,17,100,44201,Ozone,39340,"Provo-Orem, UT",49,Utah,49,Utah,40.136378,-111.657936
2/10/2022,AQS,490495010,1,0.036,ppm,33,Spanish Fork,17,100,44201,Ozone,39340,"Provo-Orem, UT",49,Utah,49,Utah,40.136378,-111.657936
2/11/2022,AirNow,490495010,1,0.036,ppm,33,Spanish Fork,18,75,44201,Ozone,39340,"Provo-Orem, UT",49,Utah,49,Utah,40.136378,-111.657936
2/12/2022,AQS,490495010,1,0.045,ppm,42,Spanish Fork,17,100,44201,Ozone,39340,"Provo-Orem, UT",49,Utah,49,Utah,40.136378,-111.657936
2/13/2022,AQS,490495010,1,0.04,ppm,37,Spanish Fork,17,100,44201,Ozone,39340,"Provo-Orem, UT",49,Utah,49,Utah,40.136378,-111.657936
2/14/2022,AQS,490495010,1,0.036,ppm,33,Spanish Fork,17,100,44201,Ozone,39340,"Provo-Orem, UT",49,Utah,49,Utah,40.136378,-111.657936
2/15/2022,AQS,490495010,1,0.036,ppm,33,Spanish Fork,17,100,44201,Ozone,39340,"Provo-Orem, UT",49,Utah,49,Utah,40.136378,-111.657936
2/16/2022,AQS,490495010,1,0.036,ppm,33,Spanish Fork,17,100,44201,Ozone,39340,"Provo-Orem, UT",49,Utah,49,Utah,40.136378,-111.657936
2/17/2022,AQS,490495010,1,0.036,ppm,33,Spanish Fork,17,100,44201,Ozone,39340,"Provo-Orem, UT",49,Utah,49,Utah,40.136378,-111.657936
2/18/2022,AQS,490495010,1,0.037,ppm,34,Spanish Fork,17,100,44201,Ozone,39340,"Provo-Orem, UT",49,Utah,49,Utah,40.136378,-111.657936
2/19/2022,AQS,490495010,1,0.04,ppm,37,Spanish Fork,17,100,44201,Ozone,39340,"Provo-Orem, UT",49,Utah,49,Utah,40.136378,-111.657936
2/20/2022,AQS,490495010,1,0.038,ppm,35,Spanish Fork,17,100,44201,Ozone,39340,"Provo-Orem, UT",49,Utah,49,Utah,40.136378,-111.657936
2/21/2022,AQS,490495010,1,0.042,ppm,39,Spanish Fork,17,100,44201,Ozone,39340,"Provo-Orem, UT",49,Utah,49,Utah,40.136378,-111.657936
2/22/2022,AQS,490495010,1,0.038,ppm,35,Spanish Fork,17,100,44201,Ozone,39340,"Provo-Orem, UT",49,Utah,49,Utah,40.136378,-111.657936
2/23/2022,AQS,490495010,1,0.033,ppm,31,Spanish Fork,17,100,44201,Ozone,39340,"Provo-Orem, UT",49,Utah,49,Utah,40.136378,-111.657936
2/24/2022,AQS,490495010,1,0.037,ppm,34,Spanish Fork,17,100,44201,Ozone,39340,"Provo-Orem, UT",49,Utah,49,Utah,40.136378,-111.657936
2/25/2022,AQS,490495010,1,0.039,ppm,36,Spanish Fork,17,100,44201,Ozone,39340,"Provo-Orem, UT",49,Utah,49,Utah,40.136378,-111.657936
2/26/2022,AQS,490495010,1,0.042,ppm,39,Spanish Fork,17,100,44201,Ozone,39340,"Provo-Orem, UT",49,Utah,49,Utah,40.136378,-111.657936
2/27/2022,AQS,490495010,1,0.043,ppm,40,Spanish Fork,17,100,44201,Ozone,39340,"Provo-Orem, UT",49,Utah,49,Utah,40.136378,-111.657936
2/28/2022,AQS,490495010,1,0.041,ppm,38,Spanish Fork,17,100,44201,Ozone,39340,"Provo-Orem, UT",49,Utah,49,Utah,40.136378,-111.657936
3/1/2022,AQS,490495010,1,0.04,ppm,37,Spanish Fork,17,100,44201,Ozone,39340,"Provo-Orem, UT",49,Utah,49,Utah,40.136378,-111.657936
3/2/2022,AQS,490495010,1,0.033,ppm,31,Spanish Fork,17,100,44201,Ozone,39340,"Provo-Orem, UT",49,Utah,49,Utah,40.136378,-111.657936
3/3/2022,AQS,490495010,1,0.041,ppm,38,Spanish Fork,17,100,44201,Ozone,39340,"Provo-Orem, UT",49,Utah,49,Utah,40.136378,-111.657936
3/4/2022,AQS,490495010,1,0.045,ppm,42,Spanish Fork,17,100,44201,Ozone,39340,"Provo-Orem, UT",49,Utah,49,Utah,40.136378,-111.657936
3/5/2022,AQS,490495010,1,0.041,ppm,38,Spanish Fork,17,100,44201,Ozone,39340,"Provo-Orem, UT",49,Utah,49,Utah,40.136378,-111.657936
3/6/2022,AQS,490495010,1,0.042,ppm,39,Spanish Fork,17,100,44201,Ozone,39340,"Provo-Orem, UT",49,Utah,49,Utah,40.136378,-111.657936
3/7/2022,AQS,490495010,1,0.043,ppm,40,Spanish Fork,17,100,44201,Ozone,39340,"Provo-Orem, UT",49,Utah,49,Utah,40.136378,-111.657936
3/8/2022,AQS,490495010,1,0.04,ppm,37,Spanish Fork,17,100,44201,Ozone,39340,"Provo-Orem, UT",49,Utah,49,Utah,40.136378,-111.657936
3/9/2022,AQS,490495010,1,0.04,ppm,37,Spanish Fork,17,100,44201,Ozone,39340,"Provo-Orem, UT",49,Utah,49,Utah,40.136378,-111.657936
3/10/2022,AQS,490495010,1,0.043,ppm,40,Spanish Fork,17,100,44201,Ozone,39340,"Provo-Orem, UT",49,Utah,49,Utah,40.136378,-111.657936
3/11/2022,AQS,490495010,1,0.045,ppm,42,Spanish Fork,17,100,44201,Ozone,39340,"Provo-Orem, UT",49,Utah,49,Utah,40.136378,-111.657936
3/12/2022,AQS,490495010,1,0.046,ppm,43,Spanish Fork,17,100,44201,Ozone,39340,"Provo-Orem, UT",49,Utah,49,Utah,40.136378,-111.657936
3/13/2022,AQS,490495010,1,0.04,ppm,37,Spanish Fork,17,100,44201,Ozone,39340,"Provo-Orem, UT",49,Utah,49,Utah,40.136378,-111.657936
3/14/2022,AQS,490495010,1,0.044,ppm,41,Spanish Fork,17,100,44201,Ozone,39340,"Provo-Orem, UT",49,Utah,49,Utah,40.136378,-111.657936
3/15/2022,AQS,490495010,1,0.044,ppm,41,Spanish Fork,17,100,44201,Ozone,39340,"Provo-Orem, UT",49,Utah,49,Utah,40.136378,-111.657936
3/16/2022,AQS,490495010,1,0.042,ppm,39,Spanish Fork,17,100,44201,Ozone,39340,"Provo-Orem, UT",49,Utah,49,Utah,40.136378,-111.657936
3/17/2022,AQS,490495010,1,0.045,ppm,42,Spanish Fork,17,100,44201,Ozone,39340,"Provo-Orem, UT",49,Utah,49,Utah,40.136378,-111.657936
3/18/2022,AQS,490495010,1,0.047,ppm,44,Spanish Fork,17,100,44201,Ozone,39340,"Provo-Orem, UT",49,Utah,49,Utah,40.136378,-111.657936
3/19/2022,AQS,490495010,1,0.047,ppm,44,Spanish Fork,17,100,44201,Ozone,39340,"Provo-Orem, UT",49,Utah,49,Utah,40.136378,-111.657936
3/20/2022,AQS,490495010,1,0.044,ppm,41,Spanish Fork,17,100,44201,Ozone,39340,"Provo-Orem, UT",49,Utah,49,Utah,40.136378,-111.657936
3/21/2022,AQS,490495010,1,0.044,ppm,41,Spanish Fork,17,100,44201,Ozone,39340,"Provo-Orem, UT",49,Utah,49,Utah,40.136378,-111.657936
3/22/2022,AQS,490495010,1,0.045,ppm,42,Spanish Fork,17,100,44201,Ozone,39340,"Provo-Orem, UT",49,Utah,49,Utah,40.136378,-111.657936
3/23/2022,AQS,490495010,1,0.049,ppm,45,Spanish Fork,17,100,44201,Ozone,39340,"Provo-Orem, UT",49,Utah,49,Utah,40.136378,-111.657936
3/24/2022,AQS,490495010,1,0.041,ppm,38,Spanish Fork,17,100,44201,Ozone,39340,"Provo-Orem, UT",49,Utah,49,Utah,40.136378,-111.657936
3/25/2022,AQS,490495010,1,0.041,ppm,38,Spanish Fork,17,100,44201,Ozone,39340,"Provo-Orem, UT",49,Utah,49,Utah,40.136378,-111.657936
3/26/2022,AQS,490495010,1,0.044,ppm,41,Spanish Fork,17,100,44201,Ozone,39340,"Provo-Orem, UT",49,Utah,49,Utah,40.136378,-111.657936
3/27/2022,AQS,490495010,1,0.044,ppm,41,Spanish Fork,17,100,44201,Ozone,39340,"Provo-Orem, UT",49,Utah,49,Utah,40.136378,-111.657936
3/28/2022,AQS,490495010,1,0.039,ppm,36,Spanish Fork,17,100,44201,Ozone,39340,"Provo-Orem, UT",49,Utah,49,Utah,40.136378,-111.657936
3/29/2022,AQS,490495010,1,0.039,ppm,36,Spanish Fork,17,100,44201,Ozone,39340,"Provo-Orem, UT",49,Utah,49,Utah,40.136378,-111.657936
3/30/2022,AQS,490495010,1,0.047,ppm,44,Spanish Fork,17,100,44201,Ozone,39340,"Provo-Orem, UT",49,Utah,49,Utah,40.136378,-111.657936
3/31/2022,AQS,490495010,1,0.032,ppm,30,Spanish Fork,17,100,44201,Ozone,39340,"Provo-Orem, UT",49,Utah,49,Utah,40.136378,-111.657936
4/1/2022,AQS,490495010,1,0.048,ppm,44,Spanish Fork,17,100,44201,Ozone,39340,"Provo-Orem, UT",49,Utah,49,Utah,40.136378,-111.657936
4/2/2022,AQS,490495010,1,0.044,ppm,41,Spanish Fork,17,100,44201,Ozone,39340,"Provo-Orem, UT",49,Utah,49,Utah,40.136378,-111.657936
4/3/2022,AQS,490495010,1,0.053,ppm,49,Spanish Fork,17,100,44201,Ozone,39340,"Provo-Orem, UT",49,Utah,49,Utah,40.136378,-111.657936
4/4/2022,AQS,490495010,1,0.042,ppm,39,Spanish Fork,17,100,44201,Ozone,39340,"Provo-Orem, UT",49,Utah,49,Utah,40.136378,-111.657936
4/5/2022,AQS,490495010,1,0.045,ppm,42,Spanish Fork,17,100,44201,Ozone,39340,"Provo-Orem, UT",49,Utah,49,Utah,40.136378,-111.657936
4/6/2022,AQS,490495010,1,0.048,ppm,44,Spanish Fork,17,100,44201,Ozone,39340,"Provo-Orem, UT",49,Utah,49,Utah,40.136378,-111.657936
4/7/2022,AQS,490495010,1,0.05,ppm,46,Spanish Fork,17,100,44201,Ozone,39340,"Provo-Orem, UT",49,Utah,49,Utah,40.136378,-111.657936
4/8/2022,AQS,490495010,1,0.044,ppm,41,Spanish Fork,17,100,44201,Ozone,39340,"Provo-Orem, UT",49,Utah,49,Utah,40.136378,-111.657936
4/9/2022,AQS,490495010,1,0.05,ppm,46,Spanish Fork,17,100,44201,Ozone,39340,"Provo-Orem, UT",49,Utah,49,Utah,40.136378,-111.657936
4/10/2022,AQS,490495010,1,0.047,ppm,44,Spanish Fork,17,100,44201,Ozone,39340,"Provo-Orem, UT",49,Utah,49,Utah,40.136378,-111.657936
4/11/2022,AQS,490495010,1,0.042,ppm,39,Spanish Fork,17,100,44201,Ozone,39340,"Provo-Orem, UT",49,Utah,49,Utah,40.136378,-111.657936
4/12/2022,AQS,490495010,1,0.04,ppm,37,Spanish Fork,17,100,44201,Ozone,39340,"Provo-Orem, UT",49,Utah,49,Utah,40.136378,-111.657936
4/13/2022,AQS,490495010,1,0.045,ppm,42,Spanish Fork,17,100,44201,Ozone,39340,"Provo-Orem, UT",49,Utah,49,Utah,40.136378,-111.657936
4/14/2022,AQS,490495010,1,0.042,ppm,39,Spanish Fork,17,100,44201,Ozone,39340,"Provo-Orem, UT",49,Utah,49,Utah,40.136378,-111.657936
4/15/2022,AQS,490495010,1,0.043,ppm,40,Spanish Fork,17,100,44201,Ozone,39340,"Provo-Orem, UT",49,Utah,49,Utah,40.136378,-111.657936
4/16/2022,AQS,490495010,1,0.042,ppm,39,Spanish Fork,17,100,44201,Ozone,39340,"Provo-Orem, UT",49,Utah,49,Utah,40.136378,-111.657936
4/17/2022,AQS,490495010,1,0.044,ppm,41,Spanish Fork,17,100,44201,Ozone,39340,"Provo-Orem, UT",49,Utah,49,Utah,40.136378,-111.657936
4/18/2022,AQS,490495010,1,0.051,ppm,47,Spanish Fork,17,100,44201,Ozone,39340,"Provo-Orem, UT",49,Utah,49,Utah,40.136378,-111.657936
4/19/2022,AQS,490495010,1,0.047,ppm,44,Spanish Fork,13,76,44201,Ozone,39340,"Provo-Orem, UT",49,Utah,49,Utah,40.136378,-111.657936
4/20/2022,AQS,490495010,1,0.052,ppm,48,Spanish Fork,17,100,44201,Ozone,39340,"Provo-Orem, UT",49,Utah,49,Utah,40.136378,-111.657936
4/21/2022,AQS,490495010,1,0.053,ppm,49,Spanish Fork,17,100,44201,Ozone,39340,"Provo-Orem, UT",49,Utah,49,Utah,40.136378,-111.657936
4/22/2022,AQS,490495010,1,0.044,ppm,41,Spanish Fork,17,100,44201,Ozone,39340,"Provo-Orem, UT",49,Utah,49,Utah,40.136378,-111.657936
4/23/2022,AQS,490495010,1,0.046,ppm,43,Spanish Fork,17,100,44201,Ozone,39340,"Provo-Orem, UT",49,Utah,49,Utah,40.136378,-111.657936
4/24/2022,AQS,490495010,1,0.049,ppm,45,Spanish Fork,17,100,44201,Ozone,39340,"Provo-Orem, UT",49,Utah,49,Utah,40.136378,-111.657936
4/25/2022,AQS,490495010,1,0.05,ppm,46,Spanish Fork,17,100,44201,Ozone,39340,"Provo-Orem, UT",49,Utah,49,Utah,40.136378,-111.657936
4/26/2022,AQS,490495010,1,0.054,ppm,50,Spanish Fork,17,100,44201,Ozone,39340,"Provo-Orem, UT",49,Utah,49,Utah,40.136378,-111.657936
4/27/2022,AQS,490495010,1,0.054,ppm,50,Spanish Fork,17,100,44201,Ozone,39340,"Provo-Orem, UT",49,Utah,49,Utah,40.136378,-111.657936
4/28/2022,AQS,490495010,1,0.054,ppm,50,Spanish Fork,17,100,44201,Ozone,39340,"Provo-Orem, UT",49,Utah,49,Utah,40.136378,-111.657936
4/29/2022,AQS,490495010,1,0.053,ppm,49,Spanish Fork,17,100,44201,Ozone,39340,"Provo-Orem, UT",49,Utah,49,Utah,40.136378,-111.657936
4/30/2022,AQS,490495010,1,0.051,ppm,47,Spanish Fork,17,100,44201,Ozone,39340,"Provo-Orem, UT",49,Utah,49,Utah,40.136378,-111.657936
5/1/2022,AQS,490495010,1,0.047,ppm,44,Spanish Fork,17,100,44201,Ozone,39340,"Provo-Orem, UT",49,Utah,49,Utah,40.136378,-111.657936
5/2/2022,AQS,490495010,1,0.05,ppm,46,Spanish Fork,17,100,44201,Ozone,39340,"Provo-Orem, UT",49,Utah,49,Utah,40.136378,-111.657936
5/3/2022,AQS,490495010,1,0.049,ppm,45,Spanish Fork,17,100,44201,Ozone,39340,"Provo-Orem, UT",49,Utah,49,Utah,40.136378,-111.657936
5/4/2022,AQS,490495010,1,0.041,ppm,38,Spanish Fork,17,100,44201,Ozone,39340,"Provo-Orem, UT",49,Utah,49,Utah,40.136378,-111.657936
5/5/2022,AQS,490495010,1,0.046,ppm,43,Spanish Fork,17,100,44201,Ozone,39340,"Provo-Orem, UT",49,Utah,49,Utah,40.136378,-111.657936
5/6/2022,AQS,490495010,1,0.044,ppm,41,Spanish Fork,17,100,44201,Ozone,39340,"Provo-Orem, UT",49,Utah,49,Utah,40.136378,-111.657936
5/7/2022,AQS,490495010,1,0.051,ppm,47,Spanish Fork,17,100,44201,Ozone,39340,"Provo-Orem, UT",49,Utah,49,Utah,40.136378,-111.657936
5/8/2022,AQS,490495010,1,0.048,ppm,44,Spanish Fork,17,100,44201,Ozone,39340,"Provo-Orem, UT",49,Utah,49,Utah,40.136378,-111.657936
5/9/2022,AQS,490495010,1,0.047,ppm,44,Spanish Fork,17,100,44201,Ozone,39340,"Provo-Orem, UT",49,Utah,49,Utah,40.136378,-111.657936
5/10/2022,AQS,490495010,1,0.053,ppm,49,Spanish Fork,17,100,44201,Ozone,39340,"Provo-Orem, UT",49,Utah,49,Utah,40.136378,-111.657936
5/11/2022,AQS,490495010,1,0.056,ppm,54,Spanish Fork,17,100,44201,Ozone,39340,"Provo-Orem, UT",49,Utah,49,Utah,40.136378,-111.657936
5/12/2022,AQS,490495010,1,0.045,ppm,42,Spanish Fork,17,100,44201,Ozone,39340,"Provo-Orem, UT",49,Utah,49,Utah,40.136378,-111.657936
5/13/2022,AQS,490495010,1,0.047,ppm,44,Spanish Fork,17,100,44201,Ozone,39340,"Provo-Orem, UT",49,Utah,49,Utah,40.136378,-111.657936
5/14/2022,AQS,490495010,1,0.047,ppm,44,Spanish Fork,17,100,44201,Ozone,39340,"Provo-Orem, UT",49,Utah,49,Utah,40.136378,-111.657936
5/15/2022,AQS,490495010,1,0.046,ppm,43,Spanish Fork,17,100,44201,Ozone,39340,"Provo-Orem, UT",49,Utah,49,Utah,40.136378,-111.657936
5/16/2022,AQS,490495010,1,0.053,ppm,49,Spanish Fork,17,100,44201,Ozone,39340,"Provo-Orem, UT",49,Utah,49,Utah,40.136378,-111.657936
5/17/2022,AQS,490495010,1,0.047,ppm,44,Spanish Fork,17,100,44201,Ozone,39340,"Provo-Orem, UT",49,Utah,49,Utah,40.136378,-111.657936
5/18/2022,AQS,490495010,1,0.05,ppm,46,Spanish Fork,17,100,44201,Ozone,39340,"Provo-Orem, UT",49,Utah,49,Utah,40.136378,-111.657936
5/19/2022,AQS,490495010,1,0.046,ppm,43,Spanish Fork,17,100,44201,Ozone,39340,"Provo-Orem, UT",49,Utah,49,Utah,40.136378,-111.657936
5/20/2022,AQS,490495010,1,0.049,ppm,45,Spanish Fork,17,100,44201,Ozone,39340,"Provo-Orem, UT",49,Utah,49,Utah,40.136378,-111.657936
5/21/2022,AQS,490495010,1,0.049,ppm,45,Spanish Fork,17,100,44201,Ozone,39340,"Provo-Orem, UT",49,Utah,49,Utah,40.136378,-111.657936
5/22/2022,AQS,490495010,1,0.053,ppm,49,Spanish Fork,17,100,44201,Ozone,39340,"Provo-Orem, UT",49,Utah,49,Utah,40.136378,-111.657936
5/23/2022,AQS,490495010,1,0.051,ppm,47,Spanish Fork,17,100,44201,Ozone,39340,"Provo-Orem, UT",49,Utah,49,Utah,40.136378,-111.657936
5/24/2022,AQS,490495010,1,0.053,ppm,49,Spanish Fork,17,100,44201,Ozone,39340,"Provo-Orem, UT",49,Utah,49,Utah,40.136378,-111.657936
5/25/2022,AQS,490495010,1,0.055,ppm,51,Spanish Fork,17,100,44201,Ozone,39340,"Provo-Orem, UT",49,Utah,49,Utah,40.136378,-111.657936
5/26/2022,AQS,490495010,1,0.044,ppm,41,Spanish Fork,17,100,44201,Ozone,39340,"Provo-Orem, UT",49,Utah,49,Utah,40.136378,-111.657936
5/27/2022,AQS,490495010,1,0.048,ppm,44,Spanish Fork,17,100,44201,Ozone,39340,"Provo-Orem, UT",49,Utah,49,Utah,40.136378,-111.657936
5/28/2022,AQS,490495010,1,0.039,ppm,36,Spanish Fork,17,100,44201,Ozone,39340,"Provo-Orem, UT",49,Utah,49,Utah,40.136378,-111.657936
5/29/2022,AQS,490495010,1,0.048,ppm,44,Spanish Fork,17,100,44201,Ozone,39340,"Provo-Orem, UT",49,Utah,49,Utah,40.136378,-111.657936
5/30/2022,AQS,490495010,1,0.036,ppm,33,Spanish Fork,17,100,44201,Ozone,39340,"Provo-Orem, UT",49,Utah,49,Utah,40.136378,-111.657936
5/31/2022,AQS,490495010,1,0.042,ppm,39,Spanish Fork,17,100,44201,Ozone,39340,"Provo-Orem, UT",49,Utah,49,Utah,40.136378,-111.657936
6/1/2022,AQS,490495010,1,0.056,ppm,54,Spanish Fork,17,100,44201,Ozone,39340,"Provo-Orem, UT",49,Utah,49,Utah,40.136378,-111.657936
6/2/2022,AQS,490495010,1,0.056,ppm,54,Spanish Fork,17,100,44201,Ozone,39340,"Provo-Orem, UT",49,Utah,49,Utah,40.136378,-111.657936
6/3/2022,AQS,490495010,1,0.057,ppm,58,Spanish Fork,17,100,44201,Ozone,39340,"Provo-Orem, UT",49,Utah,49,Utah,40.136378,-111.657936
6/4/2022,AQS,490495010,1,0.048,ppm,44,Spanish Fork,17,100,44201,Ozone,39340,"Provo-Orem, UT",49,Utah,49,Utah,40.136378,-111.657936
6/5/2022,AQS,490495010,1,0.038,ppm,35,Spanish Fork,17,100,44201,Ozone,39340,"Provo-Orem, UT",49,Utah,49,Utah,40.136378,-111.657936
6/6/2022,AQS,490495010,1,0.051,ppm,47,Spanish Fork,17,100,44201,Ozone,39340,"Provo-Orem, UT",49,Utah,49,Utah,40.136378,-111.657936
6/7/2022,AQS,490495010,1,0.064,ppm,80,Spanish Fork,17,100,44201,Ozone,39340,"Provo-Orem, UT",49,Utah,49,Utah,40.136378,-111.657936
6/8/2022,AQS,490495010,1,0.061,ppm,71,Spanish Fork,17,100,44201,Ozone,39340,"Provo-Orem, UT",49,Utah,49,Utah,40.136378,-111.657936
6/9/2022,AQS,490495010,1,0.066,ppm,87,Spanish Fork,17,100,44201,Ozone,39340,"Provo-Orem, UT",49,Utah,49,Utah,40.136378,-111.657936
6/10/2022,AQS,490495010,1,0.06,ppm,67,Spanish Fork,17,100,44201,Ozone,39340,"Provo-Orem, UT",49,Utah,49,Utah,40.136378,-111.657936
6/11/2022,AQS,490495010,1,0.055,ppm,51,Spanish Fork,17,100,44201,Ozone,39340,"Provo-Orem, UT",49,Utah,49,Utah,40.136378,-111.657936
6/12/2022,AQS,490495010,1,0.054,ppm,50,Spanish Fork,17,100,44201,Ozone,39340,"Provo-Orem, UT",49,Utah,49,Utah,40.136378,-111.657936
6/13/2022,AQS,490495010,1,0.043,ppm,40,Spanish Fork,17,100,44201,Ozone,39340,"Provo-Orem, UT",49,Utah,49,Utah,40.136378,-111.657936
6/14/2022,AQS,490495010,1,0.048,ppm,44,Spanish Fork,17,100,44201,Ozone,39340,"Provo-Orem, UT",49,Utah,49,Utah,40.136378,-111.657936
6/15/2022,AQS,490495010,1,0.051,ppm,47,Spanish Fork,17,100,44201,Ozone,39340,"Provo-Orem, UT",49,Utah,49,Utah,40.136378,-111.657936
6/16/2022,AQS,490495010,1,0.053,ppm,49,Spanish Fork,17,100,44201,Ozone,39340,"Provo-Orem, UT",49,Utah,49,Utah,40.136378,-111.657936
6/17/2022,AQS,490495010,1,0.047,ppm,44,Spanish Fork,17,100,44201,Ozone,39340,"Provo-Orem, UT",49,Utah,49,Utah,40.136378,-111.657936
6/18/2022,AQS,490495010,1,0.042,ppm,39,Spanish Fork,17,100,44201,Ozone,39340,"Provo-Orem, UT",49,Utah,49,Utah,40.136378,-111.657936
6/19/2022,AQS,490495010,1,0.055,ppm,51,Spanish Fork,17,100,44201,Ozone,39340,"Provo-Orem, UT",49,Utah,49,Utah,40.136378,-111.657936
6/20/2022,AQS,490495010,1,0.047,ppm,44,Spanish Fork,17,100,44201,Ozone,39340,"Provo-Orem, UT",49,Utah,49,Utah,40.136378,-111.657936
6/21/2022,AQS,490495010,1,0.06,ppm,67,Spanish Fork,17,100,44201,Ozone,39340,"Provo-Orem, UT",49,Utah,49,Utah,40.136378,-111.657936
6/22/2022,AQS,490495010,1,0.064,ppm,80,Spanish Fork,17,100,44201,Ozone,39340,"Provo-Orem, UT",49,Utah,49,Utah,40.136378,-111.657936
6/23/2022,AQS,490495010,1,0.049,ppm,45,Spanish Fork,17,100,44201,Ozone,39340,"Provo-Orem, UT",49,Utah,49,Utah,40.136378,-111.657936
6/24/2022,AQS,490495010,1,0.056,ppm,54,Spanish Fork,17,100,44201,Ozone,39340,"Provo-Orem, UT",49,Utah,49,Utah,40.136378,-111.657936
6/25/2022,AQS,490495010,1,0.06,ppm,67,Spanish Fork,17,100,44201,Ozone,39340,"Provo-Orem, UT",49,Utah,49,Utah,40.136378,-111.657936
6/26/2022,AQS,490495010,1,0.054,ppm,50,Spanish Fork,17,100,44201,Ozone,39340,"Provo-Orem, UT",49,Utah,49,Utah,40.136378,-111.657936
6/27/2022,AQS,490495010,1,0.057,ppm,58,Spanish Fork,17,100,44201,Ozone,39340,"Provo-Orem, UT",49,Utah,49,Utah,40.136378,-111.657936
6/28/2022,AQS,490495010,1,0.049,ppm,45,Spanish Fork,17,100,44201,Ozone,39340,"Provo-Orem, UT",49,Utah,49,Utah,40.136378,-111.657936
6/29/2022,AQS,490495010,1,0.048,ppm,44,Spanish Fork,17,100,44201,Ozone,39340,"Provo-Orem, UT",49,Utah,49,Utah,40.136378,-111.657936
6/30/2022,AQS,490495010,1,0.052,ppm,48,Spanish Fork,17,100,44201,Ozone,39340,"Provo-Orem, UT",49,Utah,49,Utah,40.136378,-111.657936
7/1/2022,AQS,490495010,1,0.045,ppm,42,Spanish Fork,17,100,44201,Ozone,39340,"Provo-Orem, UT",49,Utah,49,Utah,40.136378,-111.657936
7/2/2022,AQS,490495010,1,0.04,ppm,37,Spanish Fork,17,100,44201,Ozone,39340,"Provo-Orem, UT",49,Utah,49,Utah,40.136378,-111.657936
7/3/2022,AQS,490495010,1,0.035,ppm,32,Spanish Fork,17,100,44201,Ozone,39340,"Provo-Orem, UT",49,Utah,49,Utah,40.136378,-111.657936
7/4/2022,AQS,490495010,1,0.042,ppm,39,Spanish Fork,17,100,44201,Ozone,39340,"Provo-Orem, UT",49,Utah,49,Utah,40.136378,-111.657936
7/5/2022,AQS,490495010,1,0.046,ppm,43,Spanish Fork,17,100,44201,Ozone,39340,"Provo-Orem, UT",49,Utah,49,Utah,40.136378,-111.657936
7/6/2022,AQS,490495010,1,0.052,ppm,48,Spanish Fork,17,100,44201,Ozone,39340,"Provo-Orem, UT",49,Utah,49,Utah,40.136378,-111.657936
7/7/2022,AQS,490495010,1,0.05,ppm,46,Spanish Fork,17,100,44201,Ozone,39340,"Provo-Orem, UT",49,Utah,49,Utah,40.136378,-111.657936
7/8/2022,AQS,490495010,1,0.05,ppm,46,Spanish Fork,17,100,44201,Ozone,39340,"Provo-Orem, UT",49,Utah,49,Utah,40.136378,-111.657936
7/9/2022,AQS,490495010,1,0.045,ppm,42,Spanish Fork,17,100,44201,Ozone,39340,"Provo-Orem, UT",49,Utah,49,Utah,40.136378,-111.657936
7/10/2022,AQS,490495010,1,0.053,ppm,49,Spanish Fork,17,100,44201,Ozone,39340,"Provo-Orem, UT",49,Utah,49,Utah,40.136378,-111.657936
7/11/2022,AQS,490495010,1,0.064,ppm,80,Spanish Fork,17,100,44201,Ozone,39340,"Provo-Orem, UT",49,Utah,49,Utah,40.136378,-111.657936
7/12/2022,AQS,490495010,1,0.058,ppm,61,Spanish Fork,17,100,44201,Ozone,39340,"Provo-Orem, UT",49,Utah,49,Utah,40.136378,-111.657936
7/13/2022,AQS,490495010,1,0.055,ppm,51,Spanish Fork,17,100,44201,Ozone,39340,"Provo-Orem, UT",49,Utah,49,Utah,40.136378,-111.657936
7/14/2022,AQS,490495010,1,0.054,ppm,50,Spanish Fork,17,100,44201,Ozone,39340,"Provo-Orem, UT",49,Utah,49,Utah,40.136378,-111.657936
7/15/2022,AQS,490495010,1,0.057,ppm,58,Spanish Fork,17,100,44201,Ozone,39340,"Provo-Orem, UT",49,Utah,49,Utah,40.136378,-111.657936
7/16/2022,AQS,490495010,1,0.056,ppm,54,Spanish Fork,17,100,44201,Ozone,39340,"Provo-Orem, UT",49,Utah,49,Utah,40.136378,-111.657936
7/17/2022,AQS,490495010,1,0.055,ppm,51,Spanish Fork,17,100,44201,Ozone,39340,"Provo-Orem, UT",49,Utah,49,Utah,40.136378,-111.657936
7/18/2022,AQS,490495010,1,0.06,ppm,67,Spanish Fork,17,100,44201,Ozone,39340,"Provo-Orem, UT",49,Utah,49,Utah,40.136378,-111.657936
7/19/2022,AQS,490495010,1,0.061,ppm,71,Spanish Fork,17,100,44201,Ozone,39340,"Provo-Orem, UT",49,Utah,49,Utah,40.136378,-111.657936
7/20/2022,AQS,490495010,1,0.064,ppm,80,Spanish Fork,17,100,44201,Ozone,39340,"Provo-Orem, UT",49,Utah,49,Utah,40.136378,-111.657936
7/21/2022,AQS,490495010,1,0.059,ppm,64,Spanish Fork,17,100,44201,Ozone,39340,"Provo-Orem, UT",49,Utah,49,Utah,40.136378,-111.657936
7/22/2022,AQS,490495010,1,0.059,ppm,64,Spanish Fork,17,100,44201,Ozone,39340,"Provo-Orem, UT",49,Utah,49,Utah,40.136378,-111.657936
7/23/2022,AQS,490495010,1,0.059,ppm,64,Spanish Fork,17,100,44201,Ozone,39340,"Provo-Orem, UT",49,Utah,49,Utah,40.136378,-111.657936
7/24/2022,AQS,490495010,1,0.049,ppm,45,Spanish Fork,17,100,44201,Ozone,39340,"Provo-Orem, UT",49,Utah,49,Utah,40.136378,-111.657936
7/25/2022,AQS,490495010,1,0.058,ppm,61,Spanish Fork,17,100,44201,Ozone,39340,"Provo-Orem, UT",49,Utah,49,Utah,40.136378,-111.657936
7/26/2022,AQS,490495010,1,0.059,ppm,64,Spanish Fork,17,100,44201,Ozone,39340,"Provo-Orem, UT",49,Utah,49,Utah,40.136378,-111.657936
7/27/2022,AQS,490495010,1,0.063,ppm,77,Spanish Fork,17,100,44201,Ozone,39340,"Provo-Orem, UT",49,Utah,49,Utah,40.136378,-111.657936
7/28/2022,AQS,490495010,1,0.058,ppm,61,Spanish Fork,17,100,44201,Ozone,39340,"Provo-Orem, UT",49,Utah,49,Utah,40.136378,-111.657936
7/29/2022,AQS,490495010,1,0.052,ppm,48,Spanish Fork,17,100,44201,Ozone,39340,"Provo-Orem, UT",49,Utah,49,Utah,40.136378,-111.657936
7/30/2022,AQS,490495010,1,0.053,ppm,49,Spanish Fork,17,100,44201,Ozone,39340,"Provo-Orem, UT",49,Utah,49,Utah,40.136378,-111.657936
7/31/2022,AQS,490495010,1,0.053,ppm,49,Spanish Fork,17,100,44201,Ozone,39340,"Provo-Orem, UT",49,Utah,49,Utah,40.136378,-111.657936
8/1/2022,AQS,490495010,1,0.052,ppm,48,Spanish Fork,17,100,44201,Ozone,39340,"Provo-Orem, UT",49,Utah,49,Utah,40.136378,-111.657936
8/2/2022,AQS,490495010,1,0.062,ppm,74,Spanish Fork,17,100,44201,Ozone,39340,"Provo-Orem, UT",49,Utah,49,Utah,40.136378,-111.657936
8/3/2022,AQS,490495010,1,0.064,ppm,80,Spanish Fork,17,100,44201,Ozone,39340,"Provo-Orem, UT",49,Utah,49,Utah,40.136378,-111.657936
8/4/2022,AQS,490495010,1,0.067,ppm,90,Spanish Fork,17,100,44201,Ozone,39340,"Provo-Orem, UT",49,Utah,49,Utah,40.136378,-111.657936
8/5/2022,AQS,490495010,1,0.05,ppm,46,Spanish Fork,17,100,44201,Ozone,39340,"Provo-Orem, UT",49,Utah,49,Utah,40.136378,-111.657936
8/6/2022,AQS,490495010,1,0.049,ppm,45,Spanish Fork,17,100,44201,Ozone,39340,"Provo-Orem, UT",49,Utah,49,Utah,40.136378,-111.657936
8/7/2022,AQS,490495010,1,0.054,ppm,50,Spanish Fork,17,100,44201,Ozone,39340,"Provo-Orem, UT",49,Utah,49,Utah,40.136378,-111.657936
8/8/2022,AQS,490495010,1,0.064,ppm,80,Spanish Fork,17,100,44201,Ozone,39340,"Provo-Orem, UT",49,Utah,49,Utah,40.136378,-111.657936
8/9/2022,AQS,490495010,1,0.067,ppm,90,Spanish Fork,17,100,44201,Ozone,39340,"Provo-Orem, UT",49,Utah,49,Utah,40.136378,-111.657936
8/10/2022,AQS,490495010,1,0.046,ppm,43,Spanish Fork,17,100,44201,Ozone,39340,"Provo-Orem, UT",49,Utah,49,Utah,40.136378,-111.657936
8/11/2022,AQS,490495010,1,0.054,ppm,50,Spanish Fork,17,100,44201,Ozone,39340,"Provo-Orem, UT",49,Utah,49,Utah,40.136378,-111.657936
8/12/2022,AQS,490495010,1,0.047,ppm,44,Spanish Fork,17,100,44201,Ozone,39340,"Provo-Orem, UT",49,Utah,49,Utah,40.136378,-111.657936
8/13/2022,AQS,490495010,1,0.054,ppm,50,Spanish Fork,17,100,44201,Ozone,39340,"Provo-Orem, UT",49,Utah,49,Utah,40.136378,-111.657936
8/14/2022,AQS,490495010,1,0.053,ppm,49,Spanish Fork,17,100,44201,Ozone,39340,"Provo-Orem, UT",49,Utah,49,Utah,40.136378,-111.657936
8/15/2022,AQS,490495010,1,0.052,ppm,48,Spanish Fork,17,100,44201,Ozone,39340,"Provo-Orem, UT",49,Utah,49,Utah,40.136378,-111.657936
8/16/2022,AQS,490495010,1,0.058,ppm,61,Spanish Fork,17,100,44201,Ozone,39340,"Provo-Orem, UT",49,Utah,49,Utah,40.136378,-111.657936
8/17/2022,AQS,490495010,1,0.056,ppm,54,Spanish Fork,17,100,44201,Ozone,39340,"Provo-Orem, UT",49,Utah,49,Utah,40.136378,-111.657936
8/18/2022,AQS,490495010,1,0.054,ppm,50,Spanish Fork,17,100,44201,Ozone,39340,"Provo-Orem, UT",49,Utah,49,Utah,40.136378,-111.657936
8/19/2022,AQS,490495010,1,0.043,ppm,40,Spanish Fork,17,100,44201,Ozone,39340,"Provo-Orem, UT",49,Utah,49,Utah,40.136378,-111.657936
8/20/2022,AQS,490495010,1,0.043,ppm,40,Spanish Fork,17,100,44201,Ozone,39340,"Provo-Orem, UT",49,Utah,49,Utah,40.136378,-111.657936
8/21/2022,AQS,490495010,1,0.056,ppm,54,Spanish Fork,17,100,44201,Ozone,39340,"Provo-Orem, UT",49,Utah,49,Utah,40.136378,-111.657936
8/22/2022,AQS,490495010,1,0.056,ppm,54,Spanish Fork,17,100,44201,Ozone,39340,"Provo-Orem, UT",49,Utah,49,Utah,40.136378,-111.657936
8/23/2022,AQS,490495010,1,0.051,ppm,47,Spanish Fork,17,100,44201,Ozone,39340,"Provo-Orem, UT",49,Utah,49,Utah,40.136378,-111.657936
8/24/2022,AQS,490495010,1,0.048,ppm,44,Spanish Fork,17,100,44201,Ozone,39340,"Provo-Orem, UT",49,Utah,49,Utah,40.136378,-111.657936
8/25/2022,AQS,490495010,1,0.053,ppm,49,Spanish Fork,17,100,44201,Ozone,39340,"Provo-Orem, UT",49,Utah,49,Utah,40.136378,-111.657936
8/26/2022,AQS,490495010,1,0.053,ppm,49,Spanish Fork,17,100,44201,Ozone,39340,"Provo-Orem, UT",49,Utah,49,Utah,40.136378,-111.657936
8/27/2022,AQS,490495010,1,0.051,ppm,47,Spanish Fork,17,100,44201,Ozone,39340,"Provo-Orem, UT",49,Utah,49,Utah,40.136378,-111.657936
8/28/2022,AQS,490495010,1,0.055,ppm,51,Spanish Fork,17,100,44201,Ozone,39340,"Provo-Orem, UT",49,Utah,49,Utah,40.136378,-111.657936
8/29/2022,AQS,490495010,1,0.056,ppm,54,Spanish Fork,17,100,44201,Ozone,39340,"Provo-Orem, UT",49,Utah,49,Utah,40.136378,-111.657936
8/30/2022,AQS,490495010,1,0.057,ppm,58,Spanish Fork,17,100,44201,Ozone,39340,"Provo-Orem, UT",49,Utah,49,Utah,40.136378,-111.657936
8/31/2022,AQS,490495010,1,0.063,ppm,77,Spanish Fork,17,100,44201,Ozone,39340,"Provo-Orem, UT",49,Utah,49,Utah,40.136378,-111.657936
9/1/2022,AQS,490495010,1,0.061,ppm,71,Spanish Fork,17,100,44201,Ozone,39340,"Provo-Orem, UT",49,Utah,49,Utah,40.136378,-111.657936
9/2/2022,AQS,490495010,1,0.061,ppm,71,Spanish Fork,17,100,44201,Ozone,39340,"Provo-Orem, UT",49,Utah,49,Utah,40.136378,-111.657936
9/3/2022,AQS,490495010,1,0.059,ppm,64,Spanish Fork,17,100,44201,Ozone,39340,"Provo-Orem, UT",49,Utah,49,Utah,40.136378,-111.657936
9/4/2022,AQS,490495010,1,0.06,ppm,67,Spanish Fork,17,100,44201,Ozone,39340,"Provo-Orem, UT",49,Utah,49,Utah,40.136378,-111.657936
9/5/2022,AQS,490495010,1,0.054,ppm,50,Spanish Fork,17,100,44201,Ozone,39340,"Provo-Orem, UT",49,Utah,49,Utah,40.136378,-111.657936
9/6/2022,AQS,490495010,1,0.047,ppm,44,Spanish Fork,17,100,44201,Ozone,39340,"Provo-Orem, UT",49,Utah,49,Utah,40.136378,-111.657936
9/7/2022,AQS,490495010,1,0.052,ppm,48,Spanish Fork,17,100,44201,Ozone,39340,"Provo-Orem, UT",49,Utah,49,Utah,40.136378,-111.657936
9/8/2022,AQS,490495010,1,0.056,ppm,54,Spanish Fork,17,100,44201,Ozone,39340,"Provo-Orem, UT",49,Utah,49,Utah,40.136378,-111.657936
9/9/2022,AQS,490495010,1,0.069,ppm,97,Spanish Fork,17,100,44201,Ozone,39340,"Provo-Orem, UT",49,Utah,49,Utah,40.136378,-111.657936
9/10/2022,AQS,490495010,1,0.064,ppm,80,Spanish Fork,17,100,44201,Ozone,39340,"Provo-Orem, UT",49,Utah,49,Utah,40.136378,-111.657936
9/11/2022,AQS,490495010,1,0.062,ppm,74,Spanish Fork,17,100,44201,Ozone,39340,"Provo-Orem, UT",49,Utah,49,Utah,40.136378,-111.657936
9/12/2022,AQS,490495010,1,0.06,ppm,67,Spanish Fork,17,100,44201,Ozone,39340,"Provo-Orem, UT",49,Utah,49,Utah,40.136378,-111.657936
9/13/2022,AQS,490495010,1,0.035,ppm,32,Spanish Fork,17,100,44201,Ozone,39340,"Provo-Orem, UT",49,Utah,49,Utah,40.136378,-111.657936
9/14/2022,AQS,490495010,1,0.031,ppm,29,Spanish Fork,17,100,44201,Ozone,39340,"Provo-Orem, UT",49,Utah,49,Utah,40.136378,-111.657936
9/15/2022,AQS,490495010,1,0.045,ppm,42,Spanish Fork,17,100,44201,Ozone,39340,"Provo-Orem, UT",49,Utah,49,Utah,40.136378,-111.657936
9/16/2022,AQS,490495010,1,0.049,ppm,45,Spanish Fork,17,100,44201,Ozone,39340,"Provo-Orem, UT",49,Utah,49,Utah,40.136378,-111.657936
9/17/2022,AQS,490495010,1,0.051,ppm,47,Spanish Fork,17,100,44201,Ozone,39340,"Provo-Orem, UT",49,Utah,49,Utah,40.136378,-111.657936
9/18/2022,AQS,490495010,1,0.041,ppm,38,Spanish Fork,17,100,44201,Ozone,39340,"Provo-Orem, UT",49,Utah,49,Utah,40.136378,-111.657936
9/19/2022,AQS,490495010,1,0.044,ppm,41,Spanish Fork,17,100,44201,Ozone,39340,"Provo-Orem, UT",49,Utah,49,Utah,40.136378,-111.657936
9/20/2022,AQS,490495010,1,0.03,ppm,28,Spanish Fork,13,76,44201,Ozone,39340,"Provo-Orem, UT",49,Utah,49,Utah,40.136378,-111.657936
9/21/2022,AQS,490495010,1,0.029,ppm,27,Spanish Fork,17,100,44201,Ozone,39340,"Provo-Orem, UT",49,Utah,49,Utah,40.136378,-111.657936
9/22/2022,AQS,490495010,1,0.046,ppm,43,Spanish Fork,17,100,44201,Ozone,39340,"Provo-Orem, UT",49,Utah,49,Utah,40.136378,-111.657936
9/23/2022,AQS,490495010,1,0.046,ppm,43,Spanish Fork,17,100,44201,Ozone,39340,"Provo-Orem, UT",49,Utah,49,Utah,40.136378,-111.657936
9/24/2022,AQS,490495010,1,0.05,ppm,46,Spanish Fork,17,100,44201,Ozone,39340,"Provo-Orem, UT",49,Utah,49,Utah,40.136378,-111.657936
9/25/2022,AQS,490495010,1,0.051,ppm,47,Spanish Fork,17,100,44201,Ozone,39340,"Provo-Orem, UT",49,Utah,49,Utah,40.136378,-111.657936
9/26/2022,AQS,490495010,1,0.054,ppm,50,Spanish Fork,17,100,44201,Ozone,39340,"Provo-Orem, UT",49,Utah,49,Utah,40.136378,-111.657936
9/27/2022,AQS,490495010,1,0.047,ppm,44,Spanish Fork,17,100,44201,Ozone,39340,"Provo-Orem, UT",49,Utah,49,Utah,40.136378,-111.657936
9/28/2022,AQS,490495010,1,0.04,ppm,37,Spanish Fork,17,100,44201,Ozone,39340,"Provo-Orem, UT",49,Utah,49,Utah,40.136378,-111.657936
9/29/2022,AQS,490495010,1,0.044,ppm,41,Spanish Fork,17,100,44201,Ozone,39340,"Provo-Orem, UT",49,Utah,49,Utah,40.136378,-111.657936
9/30/2022,AQS,490495010,1,0.045,ppm,42,Spanish Fork,17,100,44201,Ozone,39340,"Provo-Orem, UT",49,Utah,49,Utah,40.136378,-111.657936
10/1/2022,AQS,490495010,1,0.042,ppm,39,Spanish Fork,17,100,44201,Ozone,39340,"Provo-Orem, UT",49,Utah,49,Utah,40.136378,-111.657936
10/2/2022,AQS,490495010,1,0.045,ppm,42,Spanish Fork,17,100,44201,Ozone,39340,"Provo-Orem, UT",49,Utah,49,Utah,40.136378,-111.657936
10/3/2022,AQS,490495010,1,0.046,ppm,43,Spanish Fork,17,100,44201,Ozone,39340,"Provo-Orem, UT",49,Utah,49,Utah,40.136378,-111.657936
10/4/2022,AQS,490495010,1,0.046,ppm,43,Spanish Fork,17,100,44201,Ozone,39340,"Provo-Orem, UT",49,Utah,49,Utah,40.136378,-111.657936
10/5/2022,AQS,490495010,1,0.047,ppm,44,Spanish Fork,17,100,44201,Ozone,39340,"Provo-Orem, UT",49,Utah,49,Utah,40.136378,-111.657936
10/6/2022,AQS,490495010,1,0.046,ppm,43,Spanish Fork,17,100,44201,Ozone,39340,"Provo-Orem, UT",49,Utah,49,Utah,40.136378,-111.657936
10/7/2022,AQS,490495010,1,0.046,ppm,43,Spanish Fork,17,100,44201,Ozone,39340,"Provo-Orem, UT",49,Utah,49,Utah,40.136378,-111.657936
10/8/2022,AQS,490495010,1,0.05,ppm,46,Spanish Fork,17,100,44201,Ozone,39340,"Provo-Orem, UT",49,Utah,49,Utah,40.136378,-111.657936
10/9/2022,AQS,490495010,1,0.049,ppm,45,Spanish Fork,17,100,44201,Ozone,39340,"Provo-Orem, UT",49,Utah,49,Utah,40.136378,-111.657936
10/10/2022,AQS,490495010,1,0.048,ppm,44,Spanish Fork,17,100,44201,Ozone,39340,"Provo-Orem, UT",49,Utah,49,Utah,40.136378,-111.657936
10/11/2022,AQS,490495010,1,0.043,ppm,40,Spanish Fork,17,100,44201,Ozone,39340,"Provo-Orem, UT",49,Utah,49,Utah,40.136378,-111.657936
10/12/2022,AQS,490495010,1,0.042,ppm,39,Spanish Fork,17,100,44201,Ozone,39340,"Provo-Orem, UT",49,Utah,49,Utah,40.136378,-111.657936
10/13/2022,AQS,490495010,1,0.045,ppm,42,Spanish Fork,17,100,44201,Ozone,39340,"Provo-Orem, UT",49,Utah,49,Utah,40.136378,-111.657936
10/14/2022,AQS,490495010,1,0.047,ppm,44,Spanish Fork,17,100,44201,Ozone,39340,"Provo-Orem, UT",49,Utah,49,Utah,40.136378,-111.657936
10/15/2022,AQS,490495010,1,0.048,ppm,44,Spanish Fork,17,100,44201,Ozone,39340,"Provo-Orem, UT",49,Utah,49,Utah,40.136378,-111.657936
10/16/2022,AQS,490495010,1,0.042,ppm,39,Spanish Fork,17,100,44201,Ozone,39340,"Provo-Orem, UT",49,Utah,49,Utah,40.136378,-111.657936
10/17/2022,AQS,490495010,1,0.04,ppm,37,Spanish Fork,17,100,44201,Ozone,39340,"Provo-Orem, UT",49,Utah,49,Utah,40.136378,-111.657936
10/18/2022,AQS,490495010,1,0.042,ppm,39,Spanish Fork,17,100,44201,Ozone,39340,"Provo-Orem, UT",49,Utah,49,Utah,40.136378,-111.657936
10/19/2022,AQS,490495010,1,0.045,ppm,42,Spanish Fork,17,100,44201,Ozone,39340,"Provo-Orem, UT",49,Utah,49,Utah,40.136378,-111.657936
10/20/2022,AQS,490495010,1,0.044,ppm,41,Spanish Fork,17,100,44201,Ozone,39340,"Provo-Orem, UT",49,Utah,49,Utah,40.136378,-111.657936
10/21/2022,AQS,490495010,1,0.043,ppm,40,Spanish Fork,17,100,44201,Ozone,39340,"Provo-Orem, UT",49,Utah,49,Utah,40.136378,-111.657936
10/22/2022,AQS,490495010,1,0.043,ppm,40,Spanish Fork,17,100,44201,Ozone,39340,"Provo-Orem, UT",49,Utah,49,Utah,40.136378,-111.657936
10/23/2022,AQS,490495010,1,0.034,ppm,31,Spanish Fork,17,100,44201,Ozone,39340,"Provo-Orem, UT",49,Utah,49,Utah,40.136378,-111.657936
10/24/2022,AQS,490495010,1,0.032,ppm,30,Spanish Fork,17,100,44201,Ozone,39340,"Provo-Orem, UT",49,Utah,49,Utah,40.136378,-111.657936
10/25/2022,AQS,490495010,1,0.035,ppm,32,Spanish Fork,17,100,44201,Ozone,39340,"Provo-Orem, UT",49,Utah,49,Utah,40.136378,-111.657936
10/26/2022,AQS,490495010,1,0.036,ppm,33,Spanish Fork,17,100,44201,Ozone,39340,"Provo-Orem, UT",49,Utah,49,Utah,40.136378,-111.657936
10/27/2022,AQS,490495010,1,0.035,ppm,32,Spanish Fork,17,100,44201,Ozone,39340,"Provo-Orem, UT",49,Utah,49,Utah,40.136378,-111.657936
10/28/2022,AQS,490495010,1,0.032,ppm,30,Spanish Fork,17,100,44201,Ozone,39340,"Provo-Orem, UT",49,Utah,49,Utah,40.136378,-111.657936
10/29/2022,AQS,490495010,1,0.037,ppm,34,Spanish Fork,17,100,44201,Ozone,39340,"Provo-Orem, UT",49,Utah,49,Utah,40.136378,-111.657936
10/30/2022,AQS,490495010,1,0.041,ppm,38,Spanish Fork,17,100,44201,Ozone,39340,"Provo-Orem, UT",49,Utah,49,Utah,40.136378,-111.657936
10/31/2022,AQS,490495010,1,0.039,ppm,36,Spanish Fork,17,100,44201,Ozone,39340,"Provo-Orem, UT",49,Utah,49,Utah,40.136378,-111.657936
11/1/2022,AQS,490495010,1,0.041,ppm,38,Spanish Fork,17,100,44201,Ozone,39340,"Provo-Orem, UT",49,Utah,49,Utah,40.136378,-111.657936
11/2/2022,AQS,490495010,1,0.035,ppm,32,Spanish Fork,17,100,44201,Ozone,39340,"Provo-Orem, UT",49,Utah,49,Utah,40.136378,-111.657936
11/3/2022,AQS,490495010,1,0.03,ppm,28,Spanish Fork,17,100,44201,Ozone,39340,"Provo-Orem, UT",49,Utah,49,Utah,40.136378,-111.657936
11/4/2022,AQS,490495010,1,0.034,ppm,31,Spanish Fork,17,100,44201,Ozone,39340,"Provo-Orem, UT",49,Utah,49,Utah,40.136378,-111.657936
11/5/2022,AQS,490495010,1,0.037,ppm,34,Spanish Fork,17,100,44201,Ozone,39340,"Provo-Orem, UT",49,Utah,49,Utah,40.136378,-111.657936
11/6/2022,AQS,490495010,1,0.036,ppm,33,Spanish Fork,17,100,44201,Ozone,39340,"Provo-Orem, UT",49,Utah,49,Utah,40.136378,-111.657936
11/7/2022,AQS,490495010,1,0.028,ppm,26,Spanish Fork,17,100,44201,Ozone,39340,"Provo-Orem, UT",49,Utah,49,Utah,40.136378,-111.657936
11/8/2022,AQS,490495010,1,0.03,ppm,28,Spanish Fork,17,100,44201,Ozone,39340,"Provo-Orem, UT",49,Utah,49,Utah,40.136378,-111.657936
11/9/2022,AQS,490495010,1,0.04,ppm,37,Spanish Fork,17,100,44201,Ozone,39340,"Provo-Orem, UT",49,Utah,49,Utah,40.136378,-111.657936
11/10/2022,AQS,490495010,1,0.037,ppm,34,Spanish Fork,17,100,44201,Ozone,39340,"Provo-Orem, UT",49,Utah,49,Utah,40.136378,-111.657936
11/11/2022,AQS,490495010,1,0.034,ppm,31,Spanish Fork,17,100,44201,Ozone,39340,"Provo-Orem, UT",49,Utah,49,Utah,40.136378,-111.657936
11/12/2022,AQS,490495010,1,0.028,ppm,26,Spanish Fork,17,100,44201,Ozone,39340,"Provo-Orem, UT",49,Utah,49,Utah,40.136378,-111.657936
11/13/2022,AQS,490495010,1,0.035,ppm,32,Spanish Fork,17,100,44201,Ozone,39340,"Provo-Orem, UT",49,Utah,49,Utah,40.136378,-111.657936
11/14/2022,AQS,490495010,1,0.035,ppm,32,Spanish Fork,17,100,44201,Ozone,39340,"Provo-Orem, UT",49,Utah,49,Utah,40.136378,-111.657936
11/15/2022,AQS,490495010,1,0.034,ppm,31,Spanish Fork,17,100,44201,Ozone,39340,"Provo-Orem, UT",49,Utah,49,Utah,40.136378,-111.657936
11/16/2022,AQS,490495010,1,0.034,ppm,31,Spanish Fork,17,100,44201,Ozone,39340,"Provo-Orem, UT",49,Utah,49,Utah,40.136378,-111.657936
11/17/2022,AQS,490495010,1,0.032,ppm,30,Spanish Fork,17,100,44201,Ozone,39340,"Provo-Orem, UT",49,Utah,49,Utah,40.136378,-111.657936
11/18/2022,AQS,490495010,1,0.028,ppm,26,Spanish Fork,17,100,44201,Ozone,39340,"Provo-Orem, UT",49,Utah,49,Utah,40.136378,-111.657936
11/19/2022,AQS,490495010,1,0.032,ppm,30,Spanish Fork,17,100,44201,Ozone,39340,"Provo-Orem, UT",49,Utah,49,Utah,40.136378,-111.657936
11/20/2022,AQS,490495010,1,0.033,ppm,31,Spanish Fork,17,100,44201,Ozone,39340,"Provo-Orem, UT",49,Utah,49,Utah,40.136378,-111.657936
11/21/2022,AQS,490495010,1,0.031,ppm,29,Spanish Fork,17,100,44201,Ozone,39340,"Provo-Orem, UT",49,Utah,49,Utah,40.136378,-111.657936
11/22/2022,AQS,490495010,1,0.025,ppm,23,Spanish Fork,17,100,44201,Ozone,39340,"Provo-Orem, UT",49,Utah,49,Utah,40.136378,-111.657936
11/23/2022,AQS,490495010,1,0.032,ppm,30,Spanish Fork,17,100,44201,Ozone,39340,"Provo-Orem, UT",49,Utah,49,Utah,40.136378,-111.657936
11/24/2022,AQS,490495010,1,0.032,ppm,30,Spanish Fork,17,100,44201,Ozone,39340,"Provo-Orem, UT",49,Utah,49,Utah,40.136378,-111.657936
11/25/2022,AirNow,490495010,1,0.033,ppm,31,Spanish Fork,24,100,44201,Ozone,39340,"Provo-Orem, UT",49,Utah,49,Utah,40.136378,-111.657936
11/26/2022,AirNow,490495010,1,0.002,ppm,2,Spanish Fork,23,96,44201,Ozone,39340,"Provo-Orem, UT",49,Utah,49,Utah,40.136378,-111.657936
11/28/2022,AQS,490495010,1,0.035,ppm,32,Spanish Fork,13,76,44201,Ozone,39340,"Provo-Orem, UT",49,Utah,49,Utah,40.136378,-111.657936
11/29/2022,AQS,490495010,1,0.035,ppm,32,Spanish Fork,17,100,44201,Ozone,39340,"Provo-Orem, UT",49,Utah,49,Utah,40.136378,-111.657936
11/30/2022,AQS,490495010,1,0.037,ppm,34,Spanish Fork,17,100,44201,Ozone,39340,"Provo-Orem, UT",49,Utah,49,Utah,40.136378,-111.657936
12/1/2022,AQS,490495010,1,0.039,ppm,36,Spanish Fork,17,100,44201,Ozone,39340,"Provo-Orem, UT",49,Utah,49,Utah,40.136378,-111.657936
12/2/2022,AQS,490495010,1,0.04,ppm,37,Spanish Fork,17,100,44201,Ozone,39340,"Provo-Orem, UT",49,Utah,49,Utah,40.136378,-111.657936
12/3/2022,AQS,490495010,1,0.026,ppm,24,Spanish Fork,17,100,44201,Ozone,39340,"Provo-Orem, UT",49,Utah,49,Utah,40.136378,-111.657936
12/4/2022,AQS,490495010,1,0.029,ppm,27,Spanish Fork,17,100,44201,Ozone,39340,"Provo-Orem, UT",49,Utah,49,Utah,40.136378,-111.657936
12/5/2022,AQS,490495010,1,0.035,ppm,32,Spanish Fork,17,100,44201,Ozone,39340,"Provo-Orem, UT",49,Utah,49,Utah,40.136378,-111.657936
12/6/2022,AQS,490495010,1,0.036,ppm,33,Spanish Fork,17,100,44201,Ozone,39340,"Provo-Orem, UT",49,Utah,49,Utah,40.136378,-111.657936
12/7/2022,AQS,490495010,1,0.028,ppm,26,Spanish Fork,17,100,44201,Ozone,39340,"Provo-Orem, UT",49,Utah,49,Utah,40.136378,-111.657936
12/8/2022,AQS,490495010,1,0.024,ppm,22,Spanish Fork,17,100,44201,Ozone,39340,"Provo-Orem, UT",49,Utah,49,Utah,40.136378,-111.657936
12/9/2022,AQS,490495010,1,0.035,ppm,32,Spanish Fork,17,100,44201,Ozone,39340,"Provo-Orem, UT",49,Utah,49,Utah,40.136378,-111.657936
12/10/2022,AQS,490495010,1,0.038,ppm,35,Spanish Fork,17,100,44201,Ozone,39340,"Provo-Orem, UT",49,Utah,49,Utah,40.136378,-111.657936
12/11/2022,AQS,490495010,1,0.039,ppm,36,Spanish Fork,17,100,44201,Ozone,39340,"Provo-Orem, UT",49,Utah,49,Utah,40.136378,-111.657936
12/12/2022,AQS,490495010,1,0.039,ppm,36,Spanish Fork,17,100,44201,Ozone,39340,"Provo-Orem, UT",49,Utah,49,Utah,40.136378,-111.657936
12/13/2022,AQS,490495010,1,0.03,ppm,28,Spanish Fork,17,100,44201,Ozone,39340,"Provo-Orem, UT",49,Utah,49,Utah,40.136378,-111.657936
12/14/2022,AQS,490495010,1,0.032,ppm,30,Spanish Fork,17,100,44201,Ozone,39340,"Provo-Orem, UT",49,Utah,49,Utah,40.136378,-111.657936
12/15/2022,AQS,490495010,1,0.032,ppm,30,Spanish Fork,17,100,44201,Ozone,39340,"Provo-Orem, UT",49,Utah,49,Utah,40.136378,-111.657936
12/16/2022,AQS,490495010,1,0.03,ppm,28,Spanish Fork,17,100,44201,Ozone,39340,"Provo-Orem, UT",49,Utah,49,Utah,40.136378,-111.657936
12/17/2022,AQS,490495010,1,0.033,ppm,31,Spanish Fork,17,100,44201,Ozone,39340,"Provo-Orem, UT",49,Utah,49,Utah,40.136378,-111.657936
12/18/2022,AQS,490495010,1,0.032,ppm,30,Spanish Fork,17,100,44201,Ozone,39340,"Provo-Orem, UT",49,Utah,49,Utah,40.136378,-111.657936
12/19/2022,AQS,490495010,1,0.027,ppm,25,Spanish Fork,17,100,44201,Ozone,39340,"Provo-Orem, UT",49,Utah,49,Utah,40.136378,-111.657936
12/20/2022,AQS,490495010,1,0.024,ppm,22,Spanish Fork,17,100,44201,Ozone,39340,"Provo-Orem, UT",49,Utah,49,Utah,40.136378,-111.657936
12/21/2022,AQS,490495010,1,0.037,ppm,34,Spanish Fork,17,100,44201,Ozone,39340,"Provo-Orem, UT",49,Utah,49,Utah,40.136378,-111.657936
12/22/2022,AQS,490495010,1,0.037,ppm,34,Spanish Fork,17,100,44201,Ozone,39340,"Provo-Orem, UT",49,Utah,49,Utah,40.136378,-111.657936
12/23/2022,AQS,490495010,1,0.019,ppm,18,Spanish Fork,17,100,44201,Ozone,39340,"Provo-Orem, UT",49,Utah,49,Utah,40.136378,-111.657936
12/24/2022,AQS,490495010,1,0.016,ppm,15,Spanish Fork,17,100,44201,Ozone,39340,"Provo-Orem, UT",49,Utah,49,Utah,40.136378,-111.657936
12/25/2022,AQS,490495010,1,0.022,ppm,20,Spanish Fork,17,100,44201,Ozone,39340,"Provo-Orem, UT",49,Utah,49,Utah,40.136378,-111.657936
12/26/2022,AQS,490495010,1,0.029,ppm,27,Spanish Fork,17,100,44201,Ozone,39340,"Provo-Orem, UT",49,Utah,49,Utah,40.136378,-111.657936
12/27/2022,AQS,490495010,1,0.035,ppm,32,Spanish Fork,17,100,44201,Ozone,39340,"Provo-Orem, UT",49,Utah,49,Utah,40.136378,-111.657936
12/28/2022,AQS,490495010,1,0.035,ppm,32,Spanish Fork,17,100,44201,Ozone,39340,"Provo-Orem, UT",49,Utah,49,Utah,40.136378,-111.657936
12/29/2022,AQS,490495010,1,0.037,ppm,34,Spanish Fork,17,100,44201,Ozone,39340,"Provo-Orem, UT",49,Utah,49,Utah,40.136378,-111.657936
12/30/2022,AQS,490495010,1,0.03,ppm,28,Spanish Fork,17,100,44201,Ozone,39340,"Provo-Orem, UT",49,Utah,49,Utah,40.136378,-111.657936
12/31/2022,AirNow,490495010,1,0.036,ppm,33,Spanish Fork,19,79,44201,Ozone,39340,"Provo-Orem, UT",49,Utah,49,Utah,40.136378,-111.657936
